-1.902215737308234761e-02
-1.854266817749106178e-02
-6.297512058733191823e-03
1.443062487021029138e-03
-3.761051069590454904e-02
-3.228318810659170507e-02
3.763992468408939446e-02
1.225707722402225551e-02
2.939169149500561393e-02
4.147812749377672442e-02
1.896603641841421856e-02
6.917299106437567111e-03
1.912235152130904378e-02
-4.773064814535755290e-02
1.914520894713741097e-03
-4.702888369673784152e-02
3.000000245703978927e-02
-1.996855113456518557e-03
2.179300568177810690e-03
-5.727016720976345170e-03
1.819006501145668808e-02
-9.740787513848207790e-03
-1.787093765835308379e-02
4.157978034831414337e-03
3.755796063136792456e-02
7.204334213328418036e-03
-7.174593443060041376e-02
-4.490526198419742335e-03
3.857684040092228261e-02
-2.795788447552550581e-03
3.287574536716630219e-02
4.738955469492297894e-03
-1.099721892844359112e-03
9.107901104365202088e-03
7.659661571387908763e-02
-6.301913361348964447e-05
4.758155595803529453e-02
-2.058410233069841305e-02
2.855749492584009133e-02
-4.272226721552279533e-02
5.282472029709880945e-02
1.540668090054403243e-02
3.939716174499042350e-02
-1.648972213204309700e-02
1.130857077203204220e-01
3.493519401254975565e-02
-3.185001088423631069e-03
-5.150441179352233806e-02
-3.251096183570945097e-02
-1.209198298135776145e-01
-2.016197310355424040e-03
-3.167375534547334226e-02
9.472951414933830638e-02
4.610119704032147013e-03
2.957817794997605245e-03
-9.268412276837720287e-02
8.616643015828647639e-03
4.147693848960809677e-03
-1.289298391665449992e-03
-1.797621619465044913e-03
4.162690165299831602e-02
-2.038219233753162107e-02
-1.317180130331494815e-02
-1.572051725579292139e-02
1.040011811062241560e-02
3.567251345985317929e-02
3.553591625131698618e-03
1.133192958421192081e-01
1.698051236177611223e-03
7.919508280706427650e-02
-1.369617672778894735e-01
-3.540057909747155746e-03
8.096276688765009777e-03
-3.843218405875083676e-04
-2.056719607740269129e-02
-7.826593354220162278e-04
1.676224199003984545e-03
-9.910632475728061493e-04
2.669875011557907348e-03
1.871914849581750306e-02
9.111257846749641967e-03
1.563680404171200952e-02
5.083469466231201397e-03
2.906808925224442855e-02
-1.367117222748002840e-02
-5.567332041098673433e-03
-3.694354976941274099e-02
-1.680244638589133838e-02
-2.077895113129597012e-03
-1.606876392220755317e-02
-1.092743547550788751e-03
-2.613494392261435026e-02
-6.904753090181126041e-03
1.184406848006514142e-02
-2.359879742748947559e-02
1.869178490919507938e-03
8.063811881732043871e-03
-1.366184105945746942e-02
2.689044520757515478e-03
-1.597024844496919282e-02
-7.810036046320412693e-05
-1.699559655988119519e-02
-2.801388735882134667e-04
1.191818099495121864e-03
-1.505778230160094043e-03
-2.384535569956446749e-02
5.471242670892547538e-04
4.447699564837525460e-02
8.741929636984883956e-03
-5.627077331603502763e-03
-5.272153624215430295e-02
-8.428887593062854610e-04
3.216457969923085681e-03
1.135467389130961555e-02
1.058181202371549258e-03
7.042670046329028988e-02
6.163474327158878496e-02
2.483500744390599538e-03
-5.282857874926505555e-03
-8.432184477583447302e-03
-4.645234150430412740e-03
-7.452655867382361118e-03
9.315725117100822489e-03
1.853492933579930710e-02
4.446336007562095866e-04
2.525611484643565385e-03
-2.619274140627339889e-02
-8.654907121516753135e-03
-6.225818165457896319e-02
1.643451101418104063e-02
-1.877308810043923923e-03
4.538521669757103472e-02
9.356714145127944735e-03
7.189556024962137984e-03
-5.757652247998577659e-03
-2.010797460898637243e-02
1.499980545072130377e-02
5.843300763734949471e-02
5.488999971951546292e-02
2.713939085277024005e-03
1.005742027042932502e-01
-1.764305490458330586e-02
-6.504940171413278738e-02
2.478983418328388824e-02
-4.848923162301341239e-02
9.418472323735401115e-04
-5.256491986260950627e-02
6.889120541499652028e-02
6.875785858905053777e-04
1.631969307097666869e-02
9.215170065995261298e-03
5.439872572931708263e-03
9.050457584889759488e-03
1.321538046197111987e-02
-1.195916047288933829e-03
2.552146939270722760e-03
1.641048884105165973e-02
-4.957243254703182439e-04
1.038498894291665572e-02
7.045702080377387946e-03
-1.592699619732309679e-03
1.105109145805836541e-03
4.152664351861876102e-02
-8.772192375751367358e-03
-1.898922385499399526e-02
4.375596584623266724e-04
6.105425632661254376e-03
-4.847318028033913498e-03
1.605777236629592208e-02
-1.707766625703525248e-02
-3.791117305436613166e-03
-4.459571265917814525e-03
-9.137613008050622231e-05
-2.794929032499858090e-03
7.810053908628527414e-03
-6.639676856317428162e-03
3.865704483907413461e-03
2.361545245007463933e-02
-4.394910878091751183e-02
1.398310253851361117e-02
-1.739080684506860708e-02
-1.539304407593389268e-02
-1.589123348138597736e-02
-5.227731585369129255e-03
2.332200329165110345e-02
3.569603735104984882e-02
-2.256560961011732768e-03
-8.019716077768189108e-03
-1.619034471170582509e-02
1.396456573318917080e-02
-4.930288767944408269e-03
-3.251426169512958327e-03
1.110726725740501797e-02
-1.113788437966442947e-03
-7.643783716449398420e-03
9.444438680005566925e-03
-4.620763145650593623e-02
-2.901587529684517344e-02
1.809803400326841227e-02
-1.228272404018572635e-02
7.013410523251480642e-03
1.762183500921853975e-03
-4.690227673524611021e-03
6.561681977326642122e-03
9.009962950140960533e-03
-2.240955500554377144e-02
6.097919924208462794e-02
9.764834576333063232e-02
4.629967244922410241e-02
2.017316045007845615e-02
-4.778994240390218445e-02
4.615910595585501902e-03
1.268948095019295508e-02
6.554528970062567170e-03
-5.103463657978877382e-02
8.779624205733886286e-03
-4.741210968125290220e-02
-1.970745416975978881e-02
3.204041200923399280e-02
9.114537659640839160e-03
1.903541413845056748e-02
1.452835355809430247e-02
1.161331433990780114e-02
-1.391271745628863742e-04
-3.425244022889988027e-02
3.338934212206718516e-02
-3.384623270457655202e-03
-3.069354960732907991e-02
-9.889566391574462767e-03
6.714320291513557401e-03
1.658783008641119897e-02
6.132462393220447505e-03
-5.899053969958206051e-02
-4.095393660394827662e-02
4.724346999663175083e-03
-2.604866081825156499e-02
-7.237243919923358471e-02
2.138571190337942157e-02
-1.007073197806201102e-02
6.463271786076878189e-02
-4.481486702863358464e-03
1.197253032548399208e-03
-1.064483084428396835e-02
1.675917172639055167e-02
2.272130180417741840e-02
-1.744594141150155285e-03
1.674397313036380666e-03
-9.625265578457338055e-04
1.371350338509239909e-02
-4.253216129105902993e-02
3.761857614258517363e-02
1.848953703630710522e-03
3.716970127994511514e-02
7.675606449594030156e-03
2.379913709237143141e-02
2.543426815257503540e-02
2.550283869555151819e-04
-1.998036480024662994e-04
-1.206798543804550030e-03
-4.530397745281136007e-02
-1.746469280735736204e-04
2.104056421390975221e-02
1.140859635580786582e-02
-3.855254771019764326e-03
-4.907080337107940816e-03
-4.660605855900309957e-02
-1.903496407095521883e-02
4.596424602918489761e-04
-7.181166671366419167e-04
-2.119236157192044487e-02
-1.091834431992459026e-03
-1.598861002443149326e-01
3.402456148987939490e-03
5.608120068890329497e-03
1.351130334878545246e-02
1.124308072943870293e-02
1.198592421346317272e-02
5.171165634130512473e-02
4.195493212229958226e-03
-9.249117435921107647e-03
3.875748273669758770e-02
-1.380538290655897865e-02
-4.181929697440751187e-02
4.793085478481784456e-03
-9.319792001086901756e-03
7.082192902412782261e-04
-2.884052324279189408e-02
1.411151709526697051e-01
7.589671848013294225e-03
4.058105915005527642e-02
5.676571633190653603e-04
3.054707463835865458e-02
3.594576934855096481e-03
-2.197777419241030931e-03
-6.922166692928996947e-04
2.944123928993077656e-03
-1.135239048575666966e-02
-2.810192528288820227e-02
-5.886141518001832516e-03
-1.790220070842579335e-03
4.204040308725371690e-03
3.245202629052094685e-03
3.820598612358025534e-03
2.479408761157388813e-02
1.953166812422072948e-02
3.623417150585329233e-02
1.519536752402330000e-02
1.286996367794298116e-02
2.588685145851884247e-03
3.373282291505798336e-02
2.659726838271107320e-03
-1.512532460687222554e-03
-1.421258859773778327e-03
1.522398005955768151e-02
-1.331158400770759975e-02
-4.847271386151720844e-04
2.322572771082118820e-02
6.140064959477808601e-03
1.636030463799855242e-02
8.937075845346646730e-02
2.936134370840467675e-02
2.449111431833812455e-02
1.590837038851580787e-02
2.618356547633898584e-04
4.730814125744989967e-02
-9.974603751998659812e-03
-3.130505815207451897e-03
2.723409856825347638e-03
-6.018501636020627977e-04
5.512292355233497365e-02
-2.538870465793355638e-03
5.145760033924842020e-02
3.539393671599160018e-02
-5.466990564211583184e-04
-2.541097145214562571e-03
6.021651182513038797e-02
3.361311007014877034e-02
9.459638911654211571e-03
5.556945441243114729e-03
1.601712750933842163e-03
-9.939672922173717687e-03
6.796724700958310141e-03
1.466412394046116320e-03
1.012809712130454363e-02
-9.133258242351701209e-03
2.215897628876420042e-02
2.343303967717152297e-02
6.176865608252667117e-02
4.522848422211809410e-02
2.378185520516946873e-04
7.233938040778205292e-02
-1.048751580592951517e-02
1.507268792823362839e-02
1.347210762861886756e-02
-1.020156910033650707e-02
-5.936808843885255094e-02
3.852869435984426164e-03
-2.367048955751677956e-03
-2.048475350733965430e-02
-4.900615849917179696e-03
-7.808085157527263134e-03
9.454543748238361175e-03
-1.303630647205898836e-02
1.238216714149987380e-02
1.571664242350209045e-02
4.216123468106907496e-02
1.483142612415487257e-03
1.834793362406731288e-03
9.354626517473188865e-03
-1.201689149390666733e-02
1.168977940817076885e-02
-2.693279181017375380e-03
-7.577694494619489733e-03
-1.539044171686720051e-02
3.548376385508719005e-02
-1.280273363966275522e-02
1.845177824680059196e-03
2.334565283525818092e-03
3.415636562672593520e-03
5.130827430039256939e-03
4.122978767075934775e-02
4.810198655802629120e-02
-7.623242634526483565e-04
-2.631858718038716100e-02
-1.280526702031618315e-02
3.489652948342931733e-03
-2.341231052511894006e-02
-8.184767442167241100e-03
5.740563047209501675e-03
4.185166779436417031e-03
-1.523484000765164704e-03
-3.004213705029560103e-02
-2.521439835528769212e-04
-1.990131227210616225e-03
-1.232486379506992323e-03
4.712627341842162590e-04
1.427902662230921349e-03
-2.212988487774366492e-02
-5.306263491272467233e-04
-8.414605128235156783e-04
-4.380361708055535014e-02
-8.705232818161458969e-03
4.404142003091074051e-03
-6.657408191264177488e-02
4.912832763950961308e-03
-6.507994387506018177e-03
5.649848299417650245e-03
-8.133864295291012847e-02
7.346962608749715851e-03
2.568862559194897083e-04
1.536002438700120702e-02
6.172660285065162400e-03
6.040996364321500785e-03
-7.454671948750889003e-03
-9.158396857373513403e-03
5.214586642869206874e-03
3.071344891515456407e-02
5.811229656083740508e-02
-1.015122545525279363e-02
-3.073789267222593047e-02
1.115643006155085486e-02
-9.885678090246256822e-03
-1.272373448692224775e-02
-2.898199408102546722e-03
4.660344548586883677e-03
1.315359646873264302e-02
-1.172595319945965442e-02
-1.266939791452595387e-02
1.063024255521456511e-02
-1.657482151052484809e-02
-2.115823237938523668e-03
-2.202485039017438098e-02
-2.030597854789033610e-02
-2.538109990187074894e-02
-3.163635057224566116e-02
5.900976812511782299e-05
9.944769649731047614e-03
3.332974619363900798e-02
-8.713965056100374295e-04
3.577398416569049517e-03
1.103163854656317609e-03
6.646177735778901856e-03
-1.009619070679584028e-02
-1.742772182085422169e-04
-3.286259853453104337e-03
6.778307287063792784e-03
4.108043191865357741e-02
-1.129802140798897257e-02
-2.424617084824950020e-03
-3.484831587080794435e-03
3.833804573627019267e-03
-1.757966132527134101e-02
1.283443865900604688e-03
-2.382144533617397072e-02
-1.090694087470212709e-02
-1.533383718747837951e-02
1.496118458750656010e-03
6.076624708036293745e-03
-6.686944074105932766e-04
-7.954442032046498204e-03
-1.294435004702491681e-03
5.568937066009911618e-02
2.607805402950976598e-02
-2.223887128791023331e-03
-5.392096919291651351e-03
-1.000152012609121545e-02
-8.479852661902414351e-03
1.727149944198686643e-02
1.926370402495231060e-02
-2.079082433932824894e-02
-3.485182631620400984e-02
-4.569504422159359827e-03
-1.422721867030795062e-01
-1.180262003446172665e-02
-4.724121584771787813e-03
-1.369036202963329688e-02
2.892663040820648256e-03
-1.005089975008857661e-02
-4.202799348402773763e-03
-1.076251444292248421e-02
-2.647821057200771752e-03
-1.978102524338793550e-02
2.865856784533200516e-02
-3.333581535811970531e-02
-3.982362714616886901e-02
-1.242633872611354287e-02
-7.269936962438715289e-02
-2.399155931690676383e-02
-2.135263307691304818e-02
-3.526741253646680646e-02
-2.057860337228468312e-02
-1.402116307597741241e-03
7.200777493872818728e-03
-2.102407296519635121e-02
-1.580265918133681377e-02
-7.954157666420126616e-02
-1.766066726584753638e-02
2.666145952423691970e-03
-6.895316508022162824e-03
1.010905076789877198e-02
-3.916251073985105996e-02
7.446259433239673514e-03
-3.131453315548961280e-02
-5.903968858064864711e-02
-5.725634977967015982e-02
-1.609248309591110662e-02
1.264122135696710281e-02
-4.527000014701978992e-02
-1.823129183172332926e-02
-4.732055487449493732e-03
7.141977218042557625e-04
5.285919386458389629e-03
-6.497012486558664812e-03
-1.163656995548819663e-02
-8.628139032002320880e-03
-6.060306575873421892e-02
-2.312733269815945084e-02
-3.101883995126338261e-03
-8.391802677965934376e-02
-3.601516317024236469e-02
9.961726837690019522e-04
-6.022996757427770756e-03
3.715533041902815883e-03
-1.418887488301292521e-01
-8.034369252468389483e-03
1.088250696428662376e-03
-8.936018462620294936e-03
-1.311559763617292824e-02
-5.553500879060355166e-02
-6.955367845419921369e-02
-2.372578401803589719e-03
-6.512307564929992708e-03
-4.340348019379750705e-02
-4.087279351460498117e-02
-1.465510301448856925e-02
-4.578134767593067950e-02
2.015049051315850534e-03
1.240610898359379918e-02
-3.187835638431363305e-02
-2.626096864704126344e-02
-2.163122295953958871e-02
-5.331113510020729813e-03
1.417714215030030714e-02
-8.450601787190937728e-03
-1.084661242571376694e-01
-1.771777594401701128e-01
-1.069715178497081531e-01
2.247239707909506889e-03
-5.080162819447715111e-02
2.844211536621830960e-02
5.601184945917946773e-03
-3.740646811658741855e-02
9.237372800287943107e-04
-7.248630814224506225e-02
-2.076051464796059912e-03
4.893475368856657452e-03
4.160977100275312958e-03
1.671639452655761336e-03
1.499587956447540581e-02
4.911602974229643294e-03
-2.208789084822114154e-02
4.428934982902267559e-02
1.210506226405621069e-02
-5.821994433021752610e-03
1.313921489335057209e-02
-6.366662353207782829e-03
1.427970442803343752e-02
8.936764008612815141e-03
4.952276220425867043e-03
-9.578247267169676810e-03
-5.363717399239626218e-03
-3.576236254893727651e-02
1.594742278462431620e-02
3.930771977462694383e-02
-2.003212313855715163e-03
1.646468994353727068e-03
-1.132288542568541702e-03
-8.312186837174776605e-03
3.635660667913306887e-02
4.365020315653620267e-03
-6.318786391537119240e-02
-1.901623196574985311e-02
-2.138606955846780386e-02
-2.230797021873403771e-02
1.241442347992105857e-02
1.224292697151957605e-02
1.983315082963302278e-03
-1.448674159718344595e-02
1.059506010787639521e-02
-3.137309820029298823e-03
-6.858807489979827296e-03
-1.688364792180561957e-02
9.005438866247095914e-03
1.771437808964502212e-03
-8.500134444554716074e-04
-3.935423277850192553e-02
-4.745226308647126218e-02
-3.287897212964051297e-02
5.972122633891058935e-02
1.334592724345523909e-02
1.087741072352454465e-03
1.978551972838279386e-03
-1.273038249949767602e-02
-5.424192361230392723e-02
-1.407586881251871340e-03
7.533794381641640073e-03
-1.039254850843829292e-02
-4.134187019777364053e-02
-4.896319376654786198e-02
-4.943256279994943242e-02
1.651974717695424855e-03
3.801465662269589828e-03
-1.159854615546165001e-02
-4.608812291966067620e-02
1.130151075881864926e-02
-2.369172232701947933e-02
-7.210955088097300084e-03
8.467439996242307615e-03
2.122383166603969765e-02
1.609620402193441937e-03
-1.321078831763311014e-02
1.433490698249623640e-03
-5.822964589023584166e-03
1.121582285230979768e-03
-6.077236024770430898e-04
-5.038096939733496468e-03
-1.230813925983787610e-02
1.728141567977758281e-02
1.393177073253438472e-03
1.553332146485517269e-02
-1.796131725937344034e-02
5.571963818064597923e-03
-1.102812017630983021e-02
-8.287848583262253169e-03
4.529045842093457064e-02
1.487269903428662700e-02
8.064391794233205860e-03
4.719086992615782912e-03
3.558161147188155550e-03
1.206804941828206433e-02
-3.447414968138993313e-02
1.554756466187727330e-03
-2.251753773502385841e-02
5.559696432431906511e-03
1.402808532411634404e-02
-4.444389044877535000e-02
-1.129625457182487774e-02
-1.817135392642321018e-02
8.437918721463539282e-04
-7.218999951965666961e-02
6.428358500669650172e-03
-1.242910583870617284e-03
1.732669799038313646e-03
2.877046507544665788e-02
-5.876010067936633836e-03
2.216796387235069141e-03
1.541159361166138594e-02
1.363569660009166136e-02
1.203830773657021264e-02
4.706633320485598126e-03
-4.223216330458871154e-02
1.010820168914930081e-02
-9.272607055150457536e-03
-2.042638038212590476e-02
-1.035977129965700303e-03
-1.332922693916879266e-02
3.116342198194195891e-04
-9.078210237865293186e-03
2.491566217085621794e-03
-4.958849817817877897e-02
-1.140364908674872113e-01
-4.409969328538784067e-02
-1.288328844400680843e-02
-2.436518097855817563e-02
-4.021106948399324338e-03
6.380071244353364111e-03
-1.839736248330355647e-03
-3.042907087378511621e-02
2.465151513847868396e-03
1.824713113072757784e-02
1.593804663027812221e-02
2.344620403673947778e-02
9.022875029605838260e-03
6.897614625096748497e-03
-1.078441357377510346e-02
1.696039943578240075e-02
7.444459437362636184e-03
-8.924110022548399634e-03
-1.351425576157995511e-03
2.762333821208032975e-02
-9.945239685917792866e-03
-3.441344026980043547e-02
4.011092120211188355e-02
8.525555063190280031e-03
-1.316800244456439554e-02
2.490911762564939833e-02
-4.241585823885995338e-02
-1.405876364505245502e-01
-8.597655434716431960e-04
-1.814237577639601961e-03
-2.316489933340242467e-03
-5.479507862477845520e-02
5.154342895748793840e-02
9.913987072144247147e-04
4.128448339137066186e-02
8.544184432577437869e-04
-1.920582426235522763e-02
3.878600142081323546e-03
8.365378933204175096e-03
-1.298283013853619369e-02
9.166858082879829686e-03
3.660002581936706856e-02
-4.173993809610592950e-03
9.562653155437316616e-03
-1.938498036724022044e-02
1.376997282520899153e-02
-6.888878467795696466e-04
-2.315592605224351644e-04
-2.364560674854737296e-02
-4.406290759757815201e-02
-8.604922167828136029e-03
-1.650915598604252299e-02
1.995526545899368315e-02
-3.658409557870430893e-03
3.489597219429603492e-02
-9.151614355112113949e-03
1.749408329056971597e-03
7.656681118691594130e-03
2.020113346430428211e-02
-6.162968292295748808e-03
7.319186828246321448e-03
4.116024575868675039e-02
1.068371310145312288e-02
1.156526449360828447e-03
9.684315519039901968e-03
-2.696659517809220363e-02
-4.620759974366205752e-02
-4.106703922322339773e-02
2.680317681405473482e-02
-1.005048769906365103e-01
-2.605339372750993185e-02
4.376624087896721117e-03
4.888049559922905997e-03
-2.160716315136283847e-03
-2.121394772761072897e-02
-8.031896594266514644e-02
9.549263051817953466e-04
-9.260125085134051845e-03
3.236892964184950525e-03
-6.158914474244948228e-02
-5.368538460656027168e-03
-1.150567647651517568e-02
1.671835882172992629e-02
2.030216642008346103e-02
6.201083718218786123e-03
-4.837833616621693700e-02
-1.316236956966473437e-03
-5.951613208092225438e-02
-2.468290371865956585e-04
4.302942466688974496e-03
-4.574432681706544490e-02
-4.252132719591324855e-02
-1.734613617276021180e-03
-1.916629101139918565e-02
-2.411353220076690659e-02
8.752849005409690797e-02
-5.037267443974487863e-02
8.413025362968330756e-02
5.869642009905762410e-03
-5.792212585902735758e-03
1.855512166726823019e-03
-4.262115735187717303e-02
-3.978548581103442255e-02
2.161404296709183021e-02
-1.693081259651666934e-02
-3.141300289473737684e-02
-4.698089565939499862e-02
-1.384868523246460779e-02
-3.402377739213083285e-02
-2.640968066845028259e-02
-1.917380098081551687e-02
4.347063607901053423e-02
1.208058956734969075e-02
-4.786052967978716988e-02
-1.230255769936884208e-01
-2.712437210823923431e-02
8.542219211532356068e-03
-1.640553441081629661e-03
-1.135771419563044509e-03
-2.211261792577500634e-02
-2.072607652145513901e-02
-2.740937654720817639e-03
-1.204932992873586489e-01
-3.251216911485503569e-02
-1.452771669575876785e-02
-8.036689647194190933e-02
-3.940001787215208218e-02
-7.275755557453209010e-02
2.546520803465255472e-02
-5.754700624963722533e-02
-3.613681526264553301e-02
-1.699367078135017098e-02
-6.142138160542054415e-02
-5.854910073016009187e-02
-4.956778586241614160e-02
-9.780225156801579129e-04
-3.383887755880874565e-02
-2.937362923114530781e-03
1.754098132414788971e-02
-7.339035033864287072e-02
-7.222608743102878646e-04
5.319824481280089473e-03
-1.677412708511452936e-03
1.523560666175174765e-02
-1.495658978229031690e-02
-4.677446265115407092e-02
-1.369747204047847564e-03
-9.700302928689646942e-03
5.043684245843653262e-03
-5.677013695097602591e-02
2.097475191169272460e-02
1.589108022208727058e-02
-8.754055035849672359e-03
-7.860831678182281235e-02
8.348130229451933629e-03
2.013460722261667911e-03
-3.417519236220539075e-02
1.077970182821541556e-02
6.685779678403925251e-03
-4.206288364671963501e-03
1.517321337369235794e-02
3.067096002736061436e-02
-2.672284374344143995e-02
2.272382115970764463e-02
2.523766671021532293e-02
5.503611016640489600e-02
7.098965671699868085e-02
1.267938523203338864e-02
4.929605537254728304e-02
1.308267320318357713e-02
1.133994005923173211e-02
1.759986075623865952e-03
-3.494056298415263578e-02
4.912245861256826773e-02
1.496796062416667385e-02
-9.478377395896268875e-02
1.011353783393445852e-02
4.444181679854344175e-02
-6.019808507151058969e-04
-1.313690808765630104e-04
5.717784060600002854e-02
2.293099045942404227e-02
-3.516272863716757985e-02
-7.398244427563765990e-02
-7.973544580519026023e-03
4.578873290371194118e-04
2.636631325092469395e-03
2.106945726185456644e-03
-1.313603131395798228e-02
-7.429942642326903615e-03
4.372348284774252216e-04
-5.955325387571188539e-02
-8.181967647312957115e-02
-5.201905923123347451e-03
-5.078112315081120820e-02
-1.225768371751922124e-03
-3.220393137956121393e-02
1.042295711839592159e-02
-3.041732801065221217e-02
2.303802618215592540e-02
1.145761347362538908e-02
1.459981249077996679e-03
-4.197179947586377607e-02
-3.015080877975181983e-04
-3.796965483413223316e-04
-7.752185318154583560e-02
9.230322552359468066e-03
6.059395655932484949e-03
-1.750056316786171573e-01
2.879949109259994419e-03
3.359116451055082272e-03
-2.586349428646128514e-03
2.897158397663043491e-03
-1.908075977299550016e-02
-4.241439614000699909e-02
1.400839126723908571e-03
-1.728302917617332776e-02
-2.342831041317614688e-02
2.257793635047012845e-02
2.535848623420133841e-02
4.000258955933542852e-03
-1.495789888242919467e-02
-1.080650274203316247e-01
2.469481410147560379e-03
3.122232607792934322e-04
-3.658921257498062851e-02
-6.003497690639652239e-03
1.356372688774223727e-02
-2.333753600616623916e-04
-9.872260805173741372e-04
6.085467296369162721e-04
-5.672038062514284801e-02
-5.201628588594366630e-03
-6.632645682264939370e-03
5.743824442404942346e-03
1.642883258413353059e-02
1.216230626486650666e-02
2.278850057322922250e-03
2.253058696550131260e-02
-5.097629792180416973e-03
-3.536607618954549278e-03
-5.116900809779383053e-02
-2.111040176380197132e-03
-2.648393358451761603e-02
-9.125942656101457273e-02
-3.467157307739350720e-03
3.417760113388159261e-03
-2.165256301561575142e-02
2.477917439909175720e-02
2.597810185332876873e-02
-2.083952589686376144e-02
-6.100066216104647193e-02
-6.721846771434216057e-03
-8.679863349545286280e-03
4.979804028688002496e-03
-7.845519542921682672e-04
-3.026341510076618890e-02
-4.043174848726465050e-03
1.104735421326787613e-03
-2.962817467799973986e-02
-9.137050594298885831e-02
-4.494759187734875469e-03
-9.301210648260925529e-02
-1.526344546778879430e-02
3.742603900635227149e-03
-1.227074543548367300e-02
-3.792865202526805087e-03
-1.623034947171677830e-02
1.324006995678260815e-02
1.243074571920168084e-02
-5.988670101606383654e-03
4.890180574116399781e-02
-4.265148377508048115e-03
-6.009398019646175308e-03
-1.312792212343182443e-03
-1.364496388174032612e-02
-4.707055370227444802e-02
-7.186184514492212697e-03
3.219326258336444903e-03
5.810204150488045872e-03
-1.504415275046379862e-02
-2.196708758994189020e-02
-1.811692013679910146e-02
-1.482128958179400064e-03
-9.842869084920177411e-03
-1.199397759008133044e-02
-8.887367103416931452e-03
1.283898210296474142e-02
-5.274138671184114627e-03
7.954383559425728598e-03
1.034164420151075792e-01
-9.459400106962509783e-03
2.930990524578748566e-04
-2.422379283086981486e-02
-1.170664353183567020e-02
2.524944262903781964e-03
-2.860672136821148463e-04
-1.188672675942022312e-02
-1.654707987163175562e-02
-3.985124261576330519e-03
2.552192768620673404e-04
-1.891507412663857857e-02
-4.938174821013047514e-03
-9.092543364025918590e-03
-3.891022174337854800e-02
-2.166411257745102723e-02
-3.554648137087258047e-02
2.136048281623558007e-03
-1.898636498298503358e-03
-3.363479792899857351e-02
-1.485264471440920879e-02
-1.912909862581283925e-03
-2.696172816362498587e-02
1.135233580617897586e-01
1.077703679070268240e-02
-1.330053493057760036e-02
1.882994526426140514e-02
3.502361144711570867e-02
-3.598989236389419505e-02
5.736018538259565237e-03
1.312189026386006985e-02
-1.907687544884294293e-03
2.820087994421481559e-04
-6.666894053052100071e-04
-1.081638590356507473e-02
-2.598180717645665831e-03
-4.300461354266727279e-03
-1.102324830651252655e-02
-3.547830255756016099e-02
6.156938661355190051e-03
-6.783834724465588606e-02
-1.730478544692012205e-02
2.675354663271773195e-02
2.640242005168423958e-03
-8.274329772864911364e-03
1.327228782788760116e-02
9.152349405705481958e-03
6.838573235348492999e-03
-1.540128086071553166e-02
2.579571321589747834e-02
9.670158938265204993e-03
9.130552235590445593e-05
6.005616939973010965e-03
-5.460155037704032127e-03
-1.207762030507914365e-03
7.306888096905055693e-04
8.570923911317347363e-03
4.762045612456146035e-03
7.649122807082163640e-03
3.481651279450606313e-04
-4.962140109556882096e-03
-6.574094060764757428e-05
-2.148865033838355098e-03
4.851290697061065409e-03
-2.107595885788681855e-03
-2.517145892670030055e-02
-1.283044184514375678e-02
8.460044482808083341e-05
-3.929248550991279454e-02
-1.212535229727990148e-03
2.246850013575266494e-02
-2.643135554358882165e-03
5.590627333712077859e-03
1.483705051318754721e-02
4.053745737881112726e-02
2.980792387500974137e-04
-9.170665022897516935e-03
-1.285605571016259878e-02
-2.750214584117450026e-02
3.115643020931590373e-02
-1.795216292140156336e-02
-9.781405246169938561e-03
-2.635294993715728024e-03
-1.277483883703284077e-02
2.623816151734366039e-02
2.781719612333932723e-02
8.424941258818510054e-03
-4.022737638579786459e-03
-3.380477655533891280e-03
1.122379038368889401e-02
-3.396628986756257927e-03
1.291525629003846369e-02
-3.493987967149915323e-03
3.914308097745075599e-02
-2.109911564626310455e-03
-2.761790781889602838e-04
-7.343451103661561728e-04
-3.414569921126368000e-03
1.140489222015705906e-04
3.673584489630477793e-03
-1.511421506283344186e-02
-1.381218621187411608e-02
1.391358855170424756e-02
-1.316615114500779837e-02
-1.667020855718759353e-02
1.640609463264831175e-02
3.837041414454307048e-02
-1.107246282279807613e-02
4.454517904157908118e-03
-1.421568813964145701e-02
4.746109775845015061e-03
-1.322761032129486473e-02
1.732584133849699240e-02
2.510701183597275135e-02
-5.945308577263950242e-04
-1.061095033232740091e-03
8.029493993792748358e-04
6.345679533005017629e-03
7.695378074717776351e-03
7.813571029770985388e-02
2.212985783127687477e-03
9.465764671868446070e-03
4.801462332580033049e-02
1.069353489143086075e-02
-2.312996769121546808e-02
3.336416782734301367e-02
6.719632374621591249e-03
-4.433465805636551543e-03
2.499016436419284129e-03
2.779481070231394624e-02
-6.425339937698483495e-04
1.373654150746896757e-02
1.831301543755959813e-02
3.414915670157585292e-02
-8.920241729144311529e-03
2.137093905479929903e-02
-4.740772892402631694e-03
-7.244037147012315561e-03
3.820767984059151440e-02
3.167354207592883684e-03
1.607797449965346279e-02
4.708291370901742344e-03
2.418786706219468868e-02
5.612464206643803799e-02
-1.509255583153391519e-02
1.554503935391877284e-02
2.843703630040046726e-02
-3.072547666832572619e-02
1.905435271627831453e-02
-1.381128721108207912e-02
9.998542204729711502e-02
7.189791557927026691e-03
4.105991439657946142e-03
-1.622849951473070030e-03
-9.442353124775643494e-03
1.463660966180452619e-02
-3.217043674030126577e-03
1.011204298814840849e-02
2.776774948912053009e-02
7.810276250701606721e-03
7.546195981083659091e-03
2.343103516655345268e-03
4.221282578627441606e-02
3.916210740112535671e-02
3.156883908066762667e-02
-1.012347242370571342e-03
2.439742794923420877e-03
1.320252053354047149e-03
3.014233297558130062e-02
-5.294842386812429608e-02
-1.280482215783160758e-03
1.721082041830085483e-03
6.923958206429777808e-03
-4.057672057261646828e-03
2.170609024034555955e-05
-5.523838994753465029e-03
-1.576694454709462803e-02
3.727400742712574933e-02
-1.621703440324671203e-02
2.664210285028804220e-02
-4.421810964311117045e-03
1.162339533349781608e-02
-1.987940697602295567e-02
-2.683988519864402393e-03
-5.141167001517733728e-04
4.125517957065495851e-03
-8.889306904483536276e-03
-9.711175284365710508e-04
1.366209306805651023e-02
-8.963784105796276935e-02
1.094680147354629152e-02
-2.804314514314784970e-02
6.761328360505106279e-03
1.222435534673837858e-02
-2.282320418544829185e-02
-1.821270972722100270e-02
-4.630152584683073884e-03
1.276463690528648748e-02
3.749669394830339175e-03
2.368700016693013263e-02
-1.090717126340468891e-02
1.891297226596770110e-03
1.781547303738864260e-02
-1.254884881936207605e-02
9.524287002739627306e-03
3.774692737748751303e-02
-5.825187548939459326e-04
2.220908542647957989e-03
4.260108313104862647e-03
3.218002698608801639e-03
-3.005507896784671840e-03
-1.757924498791083655e-05
1.000749129751798451e-02
-3.690901402744600594e-03
-2.066130704020650594e-03
-5.259635366842316424e-03
-1.376073454513697218e-02
-7.512291094774434762e-03
5.869496727609902105e-03
5.000937220793940677e-06
2.123531629884435959e-02
2.606617642901916040e-02
2.333760370773073356e-02
2.175094814816013952e-02
8.408639268530519739e-03
-1.047618681566172237e-02
4.729434397848036181e-02
-3.802480005082710737e-03
-1.739414370029523926e-02
3.699076082192132801e-03
2.386974719071155090e-02
-3.144055256239378982e-04
5.432195019254674150e-03
1.489377785320535497e-04
6.074755590312431140e-03
1.312653520902082663e-02
4.990457519034157893e-03
4.679893803313048273e-02
-1.615599138733217130e-02
1.451776824566819012e-03
1.821635659106561698e-03
-5.286048801191188702e-04
1.011170592098022993e-02
1.521630055262239824e-03
4.233417305010265044e-03
-8.782667568873629704e-03
2.921188491330508827e-02
1.912765567947786322e-03
-4.891246981878111071e-03
1.887437988635486466e-02
-2.285982378769478227e-03
-7.055625252503096821e-03
2.445888185953784891e-02
3.870017774269726794e-03
9.901332638621284862e-03
5.765022618237591184e-03
3.830554440253900947e-03
1.745249949933552411e-02
-1.436521428775017033e-02
-8.653457642713628661e-03
-3.148027697615030270e-03
1.208211631716009024e-02
2.868789495870800385e-02
5.888389104772739913e-03
-2.196240933552156757e-02
3.470145195357708656e-02
-8.443413221860008103e-03
-5.592100157687598244e-03
1.436285954506936677e-02
5.965297027138645458e-02
-1.000453828496563648e-02
2.394564516025416909e-03
2.927812354496385494e-03
-1.700217344326828729e-03
2.109578612010508218e-03
2.068246268906185226e-03
1.342939444492423709e-02
4.871493673748259617e-02
3.002767730903350583e-04
-2.835462051180985543e-02
-1.006337932125461829e-03
4.633794228148837430e-02
-1.404283611526490824e-02
9.967729213570225132e-04
1.620487525815593466e-02
8.571619192261325723e-03
-2.889162547687681906e-03
6.244176636613211519e-03
1.268711459504616168e-01
3.536506178168603593e-03
1.089026250102578287e-02
3.683616095598963875e-03
-5.500057371241392698e-03
3.855321605309899955e-03
-1.713280508500547139e-04
8.722427402799133936e-03
1.243581890646792802e-02
-1.815176831506006006e-02
-2.126483510410166408e-02
5.949146452770734741e-03
-7.669579308153673738e-03
-5.878072969199704678e-03
9.186599790748940439e-03
-3.153221615198759445e-03
5.609132882376737829e-03
-1.580685891500625351e-03
3.853893150651732137e-03
2.374529339517544510e-02
-4.308593819741869321e-03
-2.767362127284349934e-03
-1.467425485590919754e-03
1.006175991920871580e-04
-4.189485961371355524e-03
-8.482719538113118844e-04
-3.091710558782677365e-04
-1.145720087150942307e-03
8.429880535351721722e-05
2.929273649560421109e-03
-5.771143397920163462e-04
2.000970378895557469e-02
1.636055943593954162e-02
2.294570546979392018e-03
1.996598125763209344e-03
4.829600495844968248e-03
-2.016503112178808996e-03
2.011125799336312830e-02
8.147355369640727971e-03
3.237497020883524281e-03
-1.828021793417731675e-02
-3.482221531196714320e-02
9.007630196163622649e-03
-1.549270911545962571e-03
5.803285894143586469e-03
-1.366560400788104481e-03
6.166697520917276826e-03
2.565683033348264280e-02
3.460644997145105334e-03
-5.127000090181174912e-05
-8.045457824045842629e-03
-4.947818468887929012e-03
1.645076208521615083e-02
1.279859515469479285e-02
2.368493292956069807e-02
4.875219334798493696e-03
1.197103401984869579e-02
-2.077373562071047758e-02
2.357706851837280265e-02
1.039663104955099865e-02
4.545069473285170275e-03
-2.395293373445053255e-03
-9.124909318077804171e-03
-3.532993585169064837e-02
-3.463819830345092957e-03
1.707620874212033247e-03
3.044261731753859692e-03
-1.048397543388204962e-02
8.352799686885643143e-03
2.408044414182130676e-03
-4.896549002345214341e-04
5.278893739059537307e-03
1.940398368965082091e-03
8.009083056801192396e-03
-9.185759623003000255e-04
3.048175115744169213e-03
-6.659463333284805150e-03
-2.304741217723298499e-03
1.247406193986498948e-02
4.477065416654608943e-02
-8.644015935316301958e-04
9.749500552324678534e-03
1.417243787780002838e-02
5.811416721674486467e-03
2.616839261534519359e-02
-2.710861772436676861e-03
3.429967585206726566e-02
7.533099631067328300e-03
5.159132927296482089e-03
-4.931270915654678566e-03
1.748448045501986223e-02
-1.260056028352230352e-04
1.077241764632664439e-02
-1.275155029196883144e-02
-8.598240174395817281e-03
1.590439493896721179e-03
-9.335487647512297205e-03
-4.668578761182499461e-03
-7.437457747307539384e-03
7.741433782857226565e-04
-4.285194795373054727e-03
5.237609065213537536e-03
-5.573398989796632050e-03
-3.908102547347971738e-03
5.597705731633284901e-03
4.195540931427188189e-03
1.438791853687781952e-02
-2.521836887387494171e-03
9.701895259355983398e-04
5.684611805680208317e-03
5.168879339042709194e-04
-1.870511564389121598e-02
4.949601741553478866e-03
3.482382170258568974e-03
1.294347100213748096e-02
-2.674617521973021023e-02
1.374479516449473443e-02
4.827300732163281906e-03
-1.485065604188959276e-02
4.998078389225621768e-03
-3.317421060873368931e-03
5.499771826625948767e-03
-3.926649454437216094e-03
4.098217157175837802e-03
1.246033787564995547e-03
-1.077289645469902205e-02
-1.918943645967076395e-02
-6.217176220965105887e-02
-4.255445802963669574e-03
-3.026351022635633686e-02
-1.392058272070415296e-03
-9.916201729336509077e-03
2.581196170632349841e-03
-2.562943788809831161e-02
-1.417855532188946107e-03
3.684714667244894278e-03
-1.086157451791334126e-02
-7.498404164599706658e-04
2.654280460949307550e-03
1.180001609824857245e-02
1.026376823081667257e-02
-5.223672740986321297e-03
8.108316646715291523e-03
4.274243414290512105e-02
2.778441514992357336e-02
-8.284792507155575372e-03
2.720469930941669229e-04
3.448833598755962453e-03
1.846841726254790095e-02
-3.055190808244375236e-02
-4.082668253280677916e-03
-2.128127582783904850e-04
5.131441653633151551e-03
1.751000272974212110e-02
4.083205716887857578e-03
-5.904679227068666304e-03
1.207276478932297649e-03
4.625611438695385533e-03
2.729199822918986287e-03
6.492935128093054419e-03
1.653147420266811579e-02
-7.472020227204115989e-03
-1.811037561783036039e-03
-1.025162493551741612e-02
5.307951358133699768e-03
1.047991973085740311e-02
-6.497588574796819838e-03
-2.305183029106528184e-02
-8.065585387178098725e-03
-7.042818228549208807e-04
-1.182902338463627176e-02
-3.933769054623915788e-03
-3.099205177349826854e-02
-2.312297668067932188e-03
-1.076526725897863045e-02
-2.645842984330217841e-03
8.143861276497079207e-03
-3.098395589343523517e-03
7.144239190459964785e-03
6.350321500724414973e-03
1.188031023940869235e-03
8.201784236570832526e-03
3.815469841745726658e-03
-1.072760021903286336e-02
-2.017967196584855884e-03
1.058148840356177081e-02
3.529246740952536945e-03
6.239126476919983760e-03
-1.941407106130751264e-02
-2.682690997806154096e-02
-1.553026422638464736e-02
-5.620443045655233727e-02
-1.724540224109058885e-03
-1.810175096633088922e-03
-3.503682592842003070e-03
2.001261039878666614e-03
7.978276753804684762e-03
-1.645714897804683840e-03
8.690149948975260663e-03
9.407743777373422890e-04
-1.019424608006381724e-02
-7.109635064704354288e-03
1.506274317101834875e-02
1.765814248803834405e-02
-4.217249028926395304e-03
-2.203910935020220434e-03
8.216932356368542023e-03
1.509083877414843945e-03
-2.098999101857270278e-03
-9.445319823418240690e-04
6.129382685554931459e-03
7.175300688512823918e-03
-4.559330961831924872e-04
1.840955449726902268e-02
1.205852884812251904e-02
2.645181028525215531e-03
1.485199142397104419e-02
-2.686790019639809842e-03
1.198100127462144344e-02
2.052108228481513193e-03
-3.855094212348811594e-03
5.078068483640228378e-03
4.067875322947869278e-03
-2.131182212140383947e-03
3.170374504061716520e-03
-5.751682888407655750e-03
-6.407339896413282755e-03
2.906200946690304029e-02
-6.502468421635976097e-03
-3.528107729383979374e-02
4.307645670351824101e-03
4.887965943761438982e-03
1.215625680840202831e-02
1.382292442114160975e-02
-1.035704732907771590e-02
1.191899361625689199e-02
-3.559759395439193123e-03
-9.460205976427974242e-03
-2.880873756668185168e-02
2.399666330468501127e-02
-2.507510013370030030e-03
4.632048266694137849e-03
-8.827178338375337927e-03
-5.604125614780770294e-03
-2.900711420879764028e-03
2.639505648506109380e-03
1.425156772942137891e-02
1.303721614812529232e-02
2.105760084253659528e-03
-1.681782138359826572e-03
8.363876618661518839e-03
-3.881160347626329016e-03
6.713888680928272422e-03
-3.073543419920641857e-03
1.803487925895523245e-02
1.361727816949426240e-02
-3.280142694945443853e-03
9.373279788449864758e-02
-3.063626439146427839e-03
-3.259232503807489145e-03
-7.480753138763046768e-04
8.373070847346819265e-03
3.495532461283378228e-03
-8.319225563416222935e-03
-1.673526505746080915e-03
5.155053488443944731e-03
1.246591386773823924e-02
7.914497174124353329e-03
-1.533971659614493006e-02
-9.630412371457004132e-04
3.622600983886431654e-03
-8.201086422855902863e-03
-1.342374312213039794e-02
-3.009368811360504242e-02
-7.150368717624892498e-03
1.249928341947105677e-02
1.697334496827491036e-03
2.013058634766787605e-03
-4.732017296440785802e-03
-7.419402652731504552e-03
9.332604434643372929e-03
6.936287424701333311e-03
1.055960153825539214e-03
-1.545269064759301160e-03
6.661800097576964577e-03
1.883166080977393200e-02
-5.605453412889296362e-03
-5.788926594648389351e-03
-2.248492917947043923e-02
-1.231663122041275985e-03
1.328322529627473726e-05
1.677256555511114772e-03
3.341282075762930757e-03
7.380337626267303476e-04
3.121244595454958630e-05
-6.716481941884548494e-03
-3.821908753513856422e-02
-1.005474867411673212e-03
-3.924440280292503143e-03
-3.877689814273845969e-03
3.388319978042319755e-03
-2.677319439673376752e-02
-1.853121294594110065e-03
-2.982148760044789348e-02
-3.460801384754026277e-03
3.774498192990965485e-03
-1.488714582106251058e-02
-3.414116482140897111e-03
5.503492465487837965e-03
4.753435963492802334e-03
1.592315852218931585e-02
5.745739975831817836e-03
-5.932846128721820829e-03
-6.124762172497543768e-03
2.309196943730427477e-03
-5.338995861349462267e-03
-3.453771266508400537e-04
-9.270844298761212257e-03
1.385352282164052477e-02
-1.562611566756575560e-02
-5.642882675746140574e-03
-6.195165962053389734e-04
-1.134255932397348204e-02
-3.990903998247712081e-02
-2.514571695885580924e-02
-3.357621755157683650e-03
-1.851351994922449109e-03
-2.885181695085562142e-03
-1.090129431385999199e-03
-2.910802051294220268e-03
1.175078790879669974e-02
1.483244993883399291e-03
2.873950539416466037e-03
5.040352216831137794e-03
6.717335621869896349e-03
1.035113421330313872e-02
-3.718201329330374141e-03
-1.116898004977326907e-02
-1.855165752053713991e-03
7.795229460893108274e-03
-3.865097520446772981e-03
-8.672903458483473271e-02
-4.112635919873442944e-03
2.367481539076282671e-02
9.972368626276262304e-03
2.242435169945652604e-02
1.487593396945957429e-02
4.837460088973442353e-03
1.260198143382784859e-02
5.226115675433098268e-03
-3.833000354296754036e-02
2.024694680388882013e-03
1.012084793265039320e-02
2.620864380530519948e-03
2.515621219691073496e-03
9.818672166983601936e-04
1.030132617872270458e-02
1.892662939767318989e-02
-1.238070386995296195e-02
-4.634826534633340947e-03
5.043695062265531222e-03
1.984403539853172183e-03
4.190569230629748588e-04
2.252241852045276660e-02
-1.696362469392881725e-02
3.495606822957242343e-03
1.322443607039978149e-03
-1.051507605705715408e-02
2.911993023071323371e-03
-2.941626682467339288e-03
-8.056880417066933711e-03
1.194034142798082454e-03
-1.518799032371191812e-03
2.752443498969476664e-03
-7.569151125891338027e-04
-1.796119536969886105e-02
-4.110842428202384109e-03
-1.348359698083689742e-03
-1.725245290167299814e-02
1.206415786450894083e-02
-7.358741664233790607e-03
-1.088667458548515108e-03
-3.423666086239725119e-03
1.195051277645841833e-02
1.354399759299320695e-02
6.903641649612003717e-02
-1.565210927892883011e-03
5.598128700338348904e-03
1.467012915646350411e-02
1.722490566336102105e-02
8.541798197976607082e-03
3.410049204471903451e-03
-2.892700898109568097e-02
-3.803281226482573690e-02
-2.550201986940783642e-03
1.374995915732015080e-02
-1.201223900739366440e-01
3.698397478053376260e-04
-1.404309471929309633e-02
1.215849292480075282e-03
1.216962916343214580e-02
-5.398995931790846921e-03
8.558163763871088486e-03
-4.436379101949289023e-04
-3.777777823326253703e-04
9.059694192133038726e-03
8.343570287707284885e-03
-2.021928801189187136e-02
2.254259854747180363e-03
-3.731968628970558800e-03
3.252520943854549703e-03
-3.257042281818175056e-03
-3.948340711207828143e-04
-7.659443784833466599e-03
-2.892649728017809146e-02
-8.749322087507305570e-03
2.839513846545415904e-03
2.154981649562462756e-02
1.780196105704250423e-02
-1.527662084580151203e-03
1.972444148034578799e-03
-5.511225506859873322e-03
7.413317977319163529e-04
1.741757002508125679e-02
-1.721692496252625812e-02
-2.906867099609682526e-03
-3.326786965752443707e-03
-8.578997469673008483e-03
-5.420076830544602944e-03
-4.575668490733027748e-03
-9.154774224777435451e-03
7.978959358852486666e-03
-2.423883660947768678e-03
-1.252072261134223700e-02
-7.969793991499374980e-03
-5.698238398135819019e-03
-1.608027823872613515e-03
-6.740803312727771703e-03
-6.771395091712356824e-03
3.418761119789842737e-03
2.657002613359503440e-02
-2.071366342101608159e-03
2.676927853218951606e-03
1.235574695123147285e-02
-5.826236375731232847e-03
8.594633000714423923e-04
4.459501648803323830e-03
-2.381581222686389530e-03
5.257604391426830108e-03
-5.522063133516467298e-02
-2.802463624019854715e-03
2.461298496871399712e-03
3.963163821055659566e-04
-1.872637350542751683e-02
1.283794936443370758e-03
-6.264999910488010769e-03
8.309449394079685552e-03
-3.868812728243997885e-04
-3.701848302610353213e-03
-2.628372629290770339e-04
-7.829712582542317292e-03
-7.947212434193976285e-03
1.104510476252413068e-02
8.634979811458998178e-03
-8.808406556182564809e-03
1.096052416919597768e-02
-5.530124935662782473e-03
1.305087865928504856e-02
-6.418142196142175362e-03
-4.033746738942884692e-03
-1.154563848351404694e-02
4.494380510187569351e-03
-7.384726607326455063e-03
-2.504459963503934301e-03
3.023024035381241363e-03
-1.889539592618434932e-04
-1.593390809741257116e-02
-1.213689234857649388e-02
8.674120359861832398e-04
6.336272056853904829e-03
-3.253377070770666069e-02
1.080225848750211368e-02
-1.551071154980605826e-04
4.090745743791375619e-04
-1.130553711256233190e-02
-6.664627058083768055e-03
-3.221910238784209124e-03
1.416347234870005698e-03
1.279982665197783396e-03
1.391473863560399593e-02
6.671150878151173129e-03
6.386487842424681816e-03
-2.237754246430195913e-03
-3.178396415479385704e-03
1.130192236582442181e-02
6.220431989258141557e-04
-5.045026731582450200e-03
2.143318507905913033e-03
-1.383418809781574062e-02
-2.903549617067791022e-03
4.141165127854273646e-03
-7.830338033142803661e-03
-1.119046425413060090e-02
7.270058274399947458e-04
1.245764617821793971e-02
-5.582080914932387346e-03
7.706641639708829497e-03
6.601190756050397471e-03
-5.370117991404730652e-03
-9.107419897559735147e-03
-7.724034739330065333e-03
3.717285519940979888e-05
1.383093618742274773e-02
6.780466447903510906e-03
-3.148150671397541029e-03
6.588012614687532506e-03
-6.119993275099858479e-03
1.143927586136611997e-03
-1.163115984877408776e-02
9.498722851160540728e-03
-3.539346794393479888e-03
-1.746393809649195161e-02
-6.669610489878962344e-03
-1.375828966642089757e-02
6.469584534583516788e-03
1.514577382007802411e-02
3.141169228289857583e-03
3.013456860857637639e-03
5.213857439992049432e-03
9.215086801775288026e-04
4.422952210852895000e-03
1.819499334663981236e-03
1.379824434331115325e-02
-1.098357952311176076e-02
-4.469687444782624586e-02
6.747726700422108665e-04
1.115547624210220558e-02
4.210936025047992519e-03
1.413217198508607240e-02
4.136781438255938276e-02
1.011520121544180403e-02
-9.357780156581243852e-04
3.466279826906387175e-03
2.065434650018049476e-03
-2.572246830119652525e-04
6.309216396320527047e-03
2.071280365861965025e-02
-3.336736771683299161e-03
3.004948262894274399e-02
1.085384912344978386e-02
9.585884987507923768e-03
9.738730347806518958e-03
4.090587344900750016e-02
1.232648310718703275e-02
2.655422619878250109e-02
8.563667779755666787e-04
2.936524988867823382e-03
6.699438066298816531e-03
-6.299517338906370119e-03
2.859793404681787443e-03
1.557089400045786470e-02
1.592195491898169791e-03
3.614857726060298222e-03
2.108850751255132716e-02
6.241685040195371625e-03
2.501336345146200346e-02
1.212303213923794122e-02
4.519622736311660455e-04
-1.930998296337563171e-03
1.717162436125939720e-04
1.372781364899888735e-03
5.012005074419844351e-03
1.856674943592958107e-02
1.899241344331077316e-02
-1.532917532914721340e-02
1.365694455455926035e-02
3.348183665361457572e-03
8.268715011887452226e-03
2.433917313356976937e-03
1.786855393967235611e-02
-9.099058301176582084e-03
3.997725132140917716e-03
-1.720582369523889149e-03
8.415490143167435669e-03
-7.320420621676111857e-03
5.194853450821118428e-03
-1.946834888376361070e-04
1.203880672251617708e-03
1.246602012495077322e-03
1.178686939605033679e-02
1.409052409904112263e-02
9.791789483406913852e-03
-1.045127252175318509e-02
-8.793046517533946796e-03
-8.496554664999699316e-03
-5.236366403923803370e-03
6.746525516952182194e-03
-3.718153670946059211e-03
5.514488322834908661e-03
4.930633425573131660e-03
-2.969961001596449837e-02
2.057048597293349365e-02
7.257514677296622065e-03
6.051578572699294620e-04
7.330875162070090573e-03
-7.835811726387221024e-03
2.877403289287552152e-02
9.945799716536042265e-03
-3.372983465505117323e-02
-5.940605612505834307e-04
3.823496454341875333e-03
3.760291777427336452e-05
-9.212325839126255184e-04
9.884317721195721301e-03
-4.262973368920550989e-03
7.665003359245017509e-03
-5.806916633773341607e-02
3.873632156052198624e-03
-4.999717370202167409e-03
-1.870230603968986785e-02
-6.171966374306491268e-03
7.578789599172342656e-03
7.412404077988103863e-03
1.029163960181480979e-02
8.366233017217234412e-04
7.899093361328836035e-03
1.435084762435011058e-03
7.003583415189834410e-04
7.230766500056803707e-03
-8.359874826123438532e-03
-6.038177583389824771e-02
8.725633258088515837e-03
-1.970599300487286491e-03
7.433423316531260171e-03
1.258666344883010253e-03
3.894850118244484131e-03
1.349718724658604055e-02
2.649681583901025358e-02
1.246323919338020864e-02
-1.698331581605827924e-03
-1.265288371912802294e-02
3.192712153716435308e-03
-4.212567718835514424e-02
-1.232797641049541114e-02
-3.383373994201681768e-03
-3.498497452451339567e-03
-9.919324687996534939e-02
1.756328615460459736e-02
-3.990405622466121002e-03
-8.175173155877159259e-04
2.831782653410390080e-02
-5.727245997406179082e-03
-6.830861548726758180e-03
-2.116499744614798190e-03
1.303065253378175511e-02
-5.461170775256461891e-03
2.142059120791853580e-02
-4.426843627381948226e-03
1.556861329751384714e-03
4.640495154181295892e-03
-5.000711535708093035e-03
-6.497208632863811680e-03
-2.740934771070371520e-02
-1.549530580475197948e-02
-1.546337218735938275e-02
1.347611792974416026e-03
2.740708437541520496e-03
8.079776906887679855e-03
-1.560363080645764096e-03
-9.592748173153286748e-03
-4.378021696456635588e-03
1.813355430583141084e-04
7.494444030464222570e-03
1.448141965920127401e-02
-4.348004029644582380e-02
3.529872060345599482e-03
-9.329290004300421629e-03
2.007067468520324065e-03
2.080206169087124319e-03
1.948429495784317466e-03
1.032357119886773492e-02
3.261058555640045965e-03
-1.761056183014473794e-02
-9.357221233812706377e-04
5.113420435640612591e-03
2.366229152458515506e-03
-2.459721202802611639e-02
-1.436967660171373055e-02
7.207092169303102799e-03
1.409059312115669513e-03
8.793145041085132516e-04
-6.957750458858862758e-03
1.671808882557719589e-02
-3.891881588132597124e-03
2.150816381293033444e-03
2.432759747666796580e-03
-1.151539040626760844e-02
-1.084084739150331482e-02
8.054388060491302287e-04
-8.588900177714511516e-03
-2.716357106836658417e-02
-9.437654800320842766e-03
-1.144842474189949324e-03
-1.577156100426428328e-02
-5.415754153155192575e-03
-2.928552034762938795e-04
4.282059777790212939e-05
2.529916850056387802e-03
-2.034169384019454425e-03
1.889482723296497186e-03
8.264542863150172586e-03
7.864190959706220813e-03
-1.638734414874246093e-02
-1.072339773473339822e-02
8.100386289584632317e-04
-1.301519215783170037e-04
4.516331948356862823e-03
5.390394252155488071e-04
2.211963477503559213e-03
-3.717790508708543936e-03
-6.843579599170520299e-03
8.897441068939867560e-04
-4.387956260758658737e-03
-3.780508102805489948e-03
1.214039764491115642e-02
5.196518618093329787e-03
-2.121150269899424456e-02
-5.432656556948563774e-03
-7.738109102535088712e-02
9.813042707819213083e-04
2.623176957248965599e-04
2.741871236034741448e-04
4.754431588854237008e-03
-4.884659214659497171e-03
-9.947544624330057275e-03
-5.398484946220699285e-03
4.403019917208798699e-03
4.454274472269619499e-03
2.213221161011856650e-03
3.883225947151011941e-04
-1.056331388704326735e-03
-8.175459927401004454e-03
-2.163443142586728152e-03
-1.528661044824111866e-02
-5.285795836971240828e-03
-4.449485004678506157e-05
-8.044422352293068706e-03
1.474656642348392763e-02
7.145069951524379457e-04
1.284826401368475458e-02
-1.068648337926361713e-02
-2.554949038444419892e-04
-7.490748626303345321e-03
-5.074945088604256721e-03
-1.009341028377336649e-02
5.752452748018549791e-03
-5.628849585781033928e-03
-7.971954657831403779e-03
-1.533812610329865706e-03
-1.143307327560720175e-03
1.550155196465608648e-03
2.717621689498585322e-03
2.909633294231554757e-02
9.370577919423346211e-03
-6.194870157729081422e-03
-2.465600251702897757e-03
-9.823531679942361025e-03
-3.210744568288190996e-03
2.183173775553498563e-02
-4.775774064977278757e-03
1.540382317001787876e-02
1.094673647061105391e-02
1.217690568539238696e-02
7.124252669039937355e-03
2.139202611606630996e-03
-5.834788005217641897e-03
4.040717211563111416e-04
-4.713425700656646671e-03
-1.276933093249429507e-03
-2.918733073361975527e-03
-1.010750361909440453e-02
1.047798524526528247e-02
-6.724312294487931087e-03
-1.667519818044133767e-02
-1.897252110026823729e-02
-1.241587562470878973e-02
1.346930676450700881e-03
-1.138593539892285202e-03
-3.811033071364029940e-04
-2.324715365064663325e-04
-1.381070470031302592e-03
-2.067316020085838407e-03
2.918989662233895110e-02
-2.207330662586729983e-02
2.965518119877366601e-03
1.249019905050395389e-02
-1.197466542463854547e-02
-4.397220201280656500e-03
5.489683976909468660e-03
-1.165431155789406828e-02
-2.213912311432419955e-02
1.302278343927951306e-04
-5.759302986111160608e-03
-5.929486466582889167e-04
-3.750540534408165413e-03
1.496371701194950223e-03
2.424851340439175117e-03
2.703271879166965503e-03
8.471796515446755604e-02
2.732234718058842906e-03
-5.160187459771798865e-03
2.581204382333860022e-03
4.763406529180953591e-04
-6.464531737556325833e-03
-1.450066614476763945e-02
-5.006200978939305199e-03
8.158844529751746108e-03
4.995984452906267366e-03
-1.050365319030754224e-02
4.997841657082528408e-03
1.843362826087912567e-03
5.541898130116978570e-04
-6.668957827621307087e-03
3.825073562371480995e-02
2.249123263877822118e-02
1.109305543015412466e-03
1.158425799170021558e-02
6.087696790984444689e-03
1.074895427428994733e-03
3.293036737911134160e-03
-1.900325608035474678e-02
-1.129766710489785511e-02
1.626646005200325582e-02
-1.220169722227564847e-02
-6.863137021309540994e-03
2.288037707027395975e-03
4.291791190591762520e-03
2.314357571406064351e-03
4.673263276494228971e-03
4.129251934531458744e-03
2.130861850830382664e-03
-8.479592154895991205e-03
-2.158349786667575904e-02
-6.437937309329806908e-03
3.886371139863690517e-03
1.220416208982682757e-02
-9.138964194744598341e-03
-2.421036260275984120e-02
-1.433603713469664385e-02
-3.392442134511167162e-02
-4.172829060196307088e-02
9.382911485432727725e-03
-7.861102800486213793e-02
1.424329499777091676e-03
-5.324630631202094183e-04
-8.926817257016172319e-03
6.188598776341099929e-03
5.923612454300738496e-03
-8.524977763541046133e-04
-1.452169427278238731e-03
-3.258704114425559160e-03
-7.081940030845429446e-02
1.858337561831990836e-02
-1.396612388728712267e-02
9.988211666134219277e-03
1.847658791039147666e-02
4.497544133768929114e-03
3.031605673261274572e-03
-2.144654398227402621e-03
-5.740204898852069000e-04
-4.127955495180531988e-03
4.059865846405589888e-03
6.578757800902121930e-05
1.157014633425855303e-02
-9.760046681130767759e-03
8.728580874544912506e-04
1.898723934313079412e-02
1.992934674363628852e-02
4.371716816484310167e-03
2.604432044230419602e-02
2.163481832407641858e-02
4.151661816920515675e-03
-1.494766288283028112e-03
7.888477784802873372e-03
-5.296815861125823977e-02
-2.724038476974051728e-02
-8.436796531161128848e-03
-3.136234397610056929e-02
-7.417394348996728115e-02
2.670257356157050566e-03
-2.154175860896813833e-03
-8.782065888607808570e-04
-3.525991032253802948e-03
3.017382688375187024e-03
-9.676626255988547221e-04
-1.160119418081530067e-02
-4.784906018871652039e-02
1.350569641307214830e-03
8.961068782153516418e-03
1.402931579297021216e-03
2.110653958823098877e-02
-3.832424549613874104e-02
-8.174475635506810861e-03
-2.155117049950322494e-02
-1.530065542782258620e-02
-1.402167349751051208e-02
-1.529910014553342162e-02
9.582582103574464188e-03
1.113827064337181288e-02
-4.614012150279923723e-03
7.534496614002742648e-03
-3.895812036405971353e-03
-6.414299298252105347e-03
2.464988929610108237e-02
-1.016409329788381735e-02
-1.546291214424241021e-02
1.156814370442473504e-02
1.164081823863677423e-02
-1.237400428862475742e-03
1.387811559196063665e-02
5.760948354036152068e-03
-3.485780688108233022e-02
1.379996851936844508e-02
6.359470999671481000e-05
-2.520637659166019128e-03
-1.788971611414699346e-03
2.658233947673552342e-03
-2.584442088258059878e-02
-4.808520272445750837e-02
-3.694148646324355717e-02
-3.314162665359770416e-02
1.286872910501599999e-03
2.801019901647409591e-03
-1.399981955720884389e-03
6.593228307857710267e-03
-7.928012208838082150e-03
1.960729857108593072e-02
-2.408037627548454893e-02
4.505319354739008818e-03
5.889464271824893828e-03
2.505979798596386261e-03
-3.967583170695272374e-03
-1.474397801124451880e-02
1.161403412971668235e-02
-4.641269623581469397e-03
-4.777888717451398738e-03
1.095559176732927411e-03
-3.858184073838924304e-03
-6.259727725902352637e-03
-5.563771217949007274e-03
-2.646762175543073553e-02
-3.972014368748098302e-03
-1.101022350275170439e-02
-1.251617816758724376e-02
3.923146921489343783e-03
1.250784527965449928e-02
3.384632264481250014e-02
1.470207107810933556e-02
3.075676412778695704e-02
-1.186370887949780070e-03
4.947393701424931609e-03
-8.055478872034946888e-04
8.419962558413322112e-03
-4.556330140764088682e-02
6.792925433803637114e-03
-1.475340196299556109e-02
-7.021573199192650272e-02
-6.191077816189214864e-03
2.797173523559436711e-03
-2.547742329312998287e-03
2.943446058052518258e-02
5.420354645206505902e-03
1.445549099952426943e-03
2.621403312632625097e-03
-5.387716722941773145e-03
-3.988379181266619999e-02
2.045912877159043394e-02
5.723968087562564255e-03
-3.821547969661602540e-03
8.521363959705510055e-03
-3.687360301419435882e-02
-2.474642349391322632e-02
-8.617427316664147408e-02
-1.147057734554815349e-02
-4.376256921055766275e-02
-9.726081979644900927e-03
-4.156334181011750104e-03
1.617096489735844050e-02
2.254595647586746590e-02
1.072762296437033882e-03
3.055828934452588935e-02
-4.193905327170357154e-03
2.868978847690885695e-02
5.295551316296246043e-03
-5.562778965034784716e-03
-8.778909720822303427e-04
-1.467008738645816284e-03
-7.375616878128317226e-03
-6.691865240174760037e-04
-2.879592094936673802e-03
-1.654503620927177954e-02
9.188231976432547493e-03
4.166717339830744611e-03
-5.670226884685612744e-04
-2.758360837948202471e-02
4.052424520878975672e-02
-3.065823187061027331e-03
-2.955196897841939896e-02
-4.115989675159861631e-03
-3.397611446826737211e-04
9.433465465662283292e-03
-1.061296207338412482e-03
4.160006566253040931e-03
-1.150924084066472100e-03
-1.613677499049909203e-02
-1.707988577188213411e-02
-2.674264019175986735e-03
-6.631824757583813790e-02
-1.514177583095115175e-03
9.605584564007873085e-04
-1.732556610246705972e-02
-1.264945677296483396e-03
-2.909446061806352131e-03
-8.485516453835827990e-05
-6.668857175359598844e-04
-9.811125726952045403e-04
3.042582787040936168e-03
1.061536405353191888e-02
-5.271011778727417545e-03
-1.714933744081665462e-02
1.950401729371218197e-04
-9.435712398464324649e-03
6.091684220646496613e-05
1.300538818385134701e-02
1.185451962662734636e-02
6.486319175999950663e-03
7.395722556392801163e-03
2.460346119945039660e-04
-7.403655676975271285e-03
2.418655871899508399e-04
-2.913963576260764771e-02
7.942336039757073862e-03
2.292931641568064435e-02
-4.187070568774238846e-03
3.186762037972967754e-02
1.319661599863960859e-02
1.682593703925978944e-03
3.246978663216072095e-03
5.073464685202528149e-03
-4.026561640678603059e-04
-1.247412634752600308e-02
9.888335963347553905e-04
7.088925078480626772e-03
2.151340786911938932e-02
1.437383832724209269e-02
5.354836333457476012e-04
-1.405418048839240670e-03
-1.111834575977734170e-02
6.523808593258021565e-03
3.327806865694725533e-03
1.237022337843391925e-02
-1.034084473324271662e-02
-1.770156963203354042e-02
2.139391389918512444e-03
3.250679664308672723e-02
1.590476596502328130e-02
2.942610238107090269e-04
1.290261673318955291e-02
3.285406324164649727e-02
-6.165519477851090892e-04
-1.467036330903239393e-02
-1.372024052737409912e-02
-1.019009977437043690e-02
1.459888274169381540e-03
6.604968498922437342e-03
-1.935307779366901224e-02
-1.253435651618261745e-02
2.145853713359907686e-03
2.248786355277234902e-02
-6.248400673399376326e-02
2.634291943085054037e-03
-2.666949987930229693e-02
2.939545065917615815e-02
-3.256440536565968508e-03
-1.861269942872178021e-02
4.493956820225333305e-03
5.387362276481755599e-03
-1.197134265010099154e-02
4.973324632274797943e-03
1.225292431272182738e-04
-2.341778379686283804e-03
-2.361305613988627043e-03
4.175407633100045382e-03
-6.264533093787452711e-03
-5.011498338742165042e-03
-7.264788618386314699e-03
-1.264651227640891003e-02
3.466967955972118359e-03
-4.141155373690513959e-03
6.938506633204785147e-03
3.067369936150920150e-03
4.285353054793923297e-03
-9.118009156993221048e-05
3.296698030815218682e-03
2.465934249723766153e-02
2.178941738616833879e-02
-1.067365450100845117e-02
-6.165357459516731392e-02
-2.044430424559813900e-02
-1.957126997093318506e-03
-4.143548985217549580e-02
-1.775317563565576018e-02
-2.500030415149374907e-02
-4.003232356587235058e-02
8.783312584259852021e-03
-4.296111019915686315e-03
-3.048684928803506184e-03
5.345015499267032934e-03
-1.318890929986721305e-02
3.945115521696738667e-03
3.570843339781112728e-03
-6.501607491791404000e-03
7.559267820644663925e-03
3.060517716785741277e-02
1.924596240426805840e-02
1.602106952561503693e-03
2.474964544698025470e-03
-4.451109049890312336e-03
-3.105475173408452864e-03
-1.036462175397091443e-02
-2.750620308018647542e-02
9.005187300929034513e-04
1.300015910869231888e-03
6.067705731646361178e-03
1.639138196857107405e-02
2.865594261074229376e-02
-1.263567357136218677e-02
-2.499606766799729665e-02
-9.048445596276264921e-03
4.791966971887491426e-03
6.310444126584528572e-03
-5.432510383371066259e-02
1.860157656367288949e-03
-3.132440849592910137e-02
-1.483595436156510440e-02
-1.895962408648289204e-03
-5.062131734579200515e-03
-4.053860772328858261e-03
1.352296169637119509e-02
-2.737100541105563084e-02
-9.226076789195748404e-03
-6.813916808802963129e-04
-2.204492340404175243e-02
-7.988661753039404470e-03
4.263080108254543171e-03
6.331676361519233444e-03
-3.557099854054366164e-04
3.358937898421019645e-04
-2.582535182709174131e-03
8.742741658850229202e-04
-2.510931303778448850e-02
-3.433378568716617674e-02
-1.560663014731562132e-02
1.182696803693151708e-02
1.190058437803114683e-02
-1.088761168190535873e-02
2.750090332999763788e-03
-2.520298906081023171e-04
-3.718328167808389491e-03
1.317529271792083206e-02
-1.135004095642054220e-02
3.092606928019647761e-02
-3.736668352437404628e-03
-1.931641951777863988e-03
-9.811984959604681464e-03
6.214465484152707254e-03
1.686709865678790235e-02
1.127902736633538266e-02
-1.119964804559801580e-03
-5.849166791796644354e-04
-1.102149230201335088e-02
-2.418922583234316484e-02
7.443666667543003337e-03
-4.299009328915102089e-03
1.557472346860147659e-03
2.337852786756631270e-03
4.567439080664988799e-02
-2.637413837212294193e-02
-2.356014026278452009e-02
-1.139002748123220561e-02
1.180881921796196089e-02
5.245215066116960985e-03
-8.896193956305619918e-03
-7.174018417605581080e-03
-7.044846028146892376e-03
7.705427544116114080e-03
-4.509498026775669161e-03
-4.287281023115563708e-03
1.046289746203318913e-03
-1.754470832377617731e-03
-1.882604948583494961e-02
2.397038979090103383e-02
-1.282101215388005769e-02
-2.248252825518013386e-03
-1.505216048900048439e-02
-6.231444017791967814e-04
-3.665079951475807424e-02
-3.688506956585244859e-03
-2.226055596201795023e-04
2.440605459090186211e-03
-4.277307433607966530e-03
-2.534879935093331191e-03
2.933197078753367344e-03
9.995528715352062360e-03
-2.254757380559629628e-04
5.529234898259022778e-03
-2.600881805066160637e-02
-1.453262592886617882e-02
1.420360119703116628e-03
5.733226734367025644e-03
-5.402736948493980403e-03
7.537170056578679396e-03
2.140734818529556327e-02
-4.136827694996291632e-02
-2.172451373672123695e-02
-2.670800967618817620e-03
-1.800973851923953241e-03
-2.945179502489085090e-03
-9.339315336345970983e-03
-3.744742597165874490e-04
5.154289602907524692e-02
-2.070021093025797843e-02
-2.257359179683736394e-02
1.064074318070166482e-02
3.124752008937285112e-03
-5.794213821062381593e-03
2.751754974546297312e-03
3.885911857083435179e-03
-5.563544040079137186e-03
-4.296404007548824608e-03
1.296989931347194589e-03
1.864394214076285292e-02
-3.208837861315330664e-03
1.699878911416708924e-02
3.436582205974055698e-02
6.173415305305569693e-03
1.008934235439353823e-02
2.813628994741430595e-03
1.056196347211591424e-03
5.710571110403947492e-03
8.623330887792516816e-03
3.047929933777053946e-03
3.494263099538961331e-02
1.587304259379032894e-03
2.033835058430489943e-03
7.565200376540383081e-04
-1.290135890628266863e-02
-1.123246070201769885e-02
-1.009198362090874337e-02
-7.571201839876264732e-04
3.129979152904828737e-03
-5.437798133520705540e-02
1.381658792819017573e-02
-7.033227942754952111e-02
-3.219642109620527272e-04
9.006733580693290168e-04
1.050055208882411453e-02
8.491063840458866431e-04
3.581387810638965441e-02
-3.540106852910222812e-02
-4.561153674370835992e-02
-1.780910058659439937e-02
-1.450538611077039144e-02
-3.898168059338960600e-02
1.260903304165590134e-03
-2.692941014219449661e-02
-3.730750233767806540e-02
-6.723272695012629668e-03
-1.986175811392675451e-03
-2.294064535562005235e-04
1.179363332456471536e-03
1.176675249076097884e-02
2.354039167708997776e-03
-5.503539668073736089e-03
5.212517096197120253e-02
-1.025240142007527444e-02
-3.434495949549777865e-03
2.988800351909888173e-03
-1.834358349798290069e-03
9.160662131961462779e-04
-1.036561644954439934e-02
-1.573420939988818754e-02
2.652754892914324734e-03
-1.235298549329165961e-02
6.901004648827222497e-03
-9.220400435938658559e-03
-3.373842573180972030e-03
-2.757489850321225358e-02
6.223925267680872203e-03
3.929249100183370390e-03
-1.657212970972637631e-02
-2.553488586258964793e-04
-4.268253541914076438e-02
-1.048316203049795385e-02
2.137620825882460308e-03
1.107666644560385523e-03
9.714282051667807918e-04
-7.188820293973234056e-03
-5.778009253945738319e-03
-1.467947284055895994e-02
1.427265245752071081e-02
-2.600820081612082238e-02
-9.228379355351503527e-03
3.684453769187045515e-03
-3.579284400681570781e-04
5.438304799226872759e-03
-2.011784279739987913e-02
1.006285975458630529e-02
-3.597331694296979770e-02
-2.396398786568003023e-02
7.176696367981877378e-03
3.965954062581469874e-02
-3.564049299541732080e-02
-1.379247521538515785e-02
-2.090739887361396307e-02
-7.062607316964766326e-03
5.452845160568699397e-03
-6.443082374335487236e-03
1.131168304153142706e-02
3.797352569014696838e-02
-5.433027505101713055e-03
9.568149854583140766e-04
2.656575662603796479e-03
-4.150156491408049132e-03
1.896171614415689474e-02
4.382221572103156028e-03
-3.622212832826813677e-03
1.269290490265698700e-02
-1.034559199345221579e-02
6.974153794357360568e-03
1.205370668095362939e-02
3.710811602992808086e-03
-2.190074331078124738e-03
1.747810649522362619e-02
-3.765369344005133068e-02
-1.141440618636762119e-02
-5.223334399907879344e-02
-2.886667682634205118e-02
-9.639466144225587382e-03
-7.037474310227169461e-02
-2.297771516708847772e-02
-1.070234907737487376e-02
-2.922627280127726435e-02
-1.654038348795540446e-03
-1.850972665624009026e-03
-1.245446936368697953e-03
1.772607822576453829e-02
1.601884988481065263e-03
-2.709159395207476491e-04
8.793334705467122092e-03
3.461001279746084985e-02
-1.223635738283296737e-03
-2.734043212363398371e-03
-8.514118264085817006e-04
-2.261454320606843052e-02
9.565379985182251689e-04
2.714754965210226193e-04
-4.876139666496043940e-03
-2.422032815608020362e-02
-4.602670305830262702e-03
-1.939633023654722347e-03
1.209818105169080567e-02
-3.583364295891283170e-03
-2.067135075525609531e-02
-2.676843586173412864e-02
-7.102921150404296110e-04
6.165857547594758882e-03
-2.629093996307525511e-03
-1.421670258676524697e-02
-2.866273311495820043e-04
4.639146529168962254e-04
5.469008626915306155e-03
-1.561059356253719941e-03
-6.413490556858510681e-03
7.171415947790554801e-03
-1.767532558919030286e-02
7.832314451981903236e-03
2.851888368153396650e-02
6.067855284618280803e-03
8.982579003324362571e-03
7.006172804943982743e-03
-3.129159171416231750e-03
3.569431380340175124e-04
-8.046871425848225318e-04
2.315229049901668112e-02
-2.800791290814369939e-03
-2.012126263518551963e-03
-2.982892831769553416e-02
2.864589958788170063e-02
2.380232238775610316e-03
-2.052985943958621565e-03
-7.868420855473156825e-03
-8.187182600031016940e-04
-5.134460112224612828e-03
-2.442876038592328193e-03
-7.728319349508362343e-03
-8.793109335016840999e-03
-4.131891433158443525e-03
-9.965485197984214148e-04
-4.198150394245956513e-03
-3.802501150050271918e-03
-1.595082413082871565e-03
-1.632943546796005591e-02
-7.326671510723295998e-03
-6.874779440771763839e-03
-2.686755510453104484e-02
-1.144896104981761240e-02
-3.736411455967368275e-03
-1.912568958522059201e-02
2.595962808704312119e-02
-5.067347838947538867e-03
-3.776879055477311287e-02
3.224639214798233084e-03
2.416790196511774819e-02
-2.963008905117140140e-03
6.225225274126936457e-03
-2.218331135224548001e-02
1.418396293492822646e-03
-1.583719826001419098e-02
-1.091393259338365070e-02
-1.219608695858044210e-03
1.842845878792532524e-03
1.793336848538728753e-02
-1.307296616306283311e-05
-8.792535309727868764e-04
-5.677979094014217056e-05
-5.055503929770123993e-03
2.129665690064746434e-03
-2.682757413669944243e-03
1.329965785401561722e-03
2.848014957081493673e-02
9.707569270729413807e-03
-3.087315385919571237e-03
-1.787583418070125751e-03
1.812670243895810399e-02
-4.483588538086605811e-03
-2.787426031177116654e-05
2.577009046719818536e-02
-3.295967800343393896e-03
5.903006043641698466e-03
7.166804517674050905e-03
-1.417631745901247985e-02
3.375031044701888854e-05
-7.501729185538799118e-03
-2.533004569103634515e-02
1.082512735720282324e-02
2.618761659069749779e-04
4.834639858637379030e-03
9.567962201626513397e-04
-2.576289490077403408e-03
-3.081982838661572518e-03
-1.314328367865233264e-02
-2.870732731473217905e-03
-4.705496310100904141e-03
-2.822556658099533919e-02
-4.462410367572952619e-02
-1.751802226452420924e-02
-1.887685462049932400e-02
-7.083768092541082272e-03
-1.252760744727178695e-03
4.177003548199497394e-03
-4.402056851931734904e-03
-1.859356337204515555e-02
-8.109303670157040622e-02
-1.022524125435568879e-02
9.005102135764714646e-03
-6.044554403012410496e-03
-7.362113005232998920e-03
-3.634827194014485230e-03
-6.418924590534556482e-03
-4.259572178828388068e-04
4.821563085547801546e-03
1.192563919138306394e-02
-9.862472513987474709e-03
3.108997119133760753e-04
3.505593512114942890e-03
3.106929038806356159e-03
-2.925911344894281327e-03
9.689207835559472334e-03
-1.586235380236257920e-03
-6.771895550398454242e-03
9.234072935877392363e-03
-1.359979937235846750e-03
1.400302291105837485e-04
-1.477848034572145199e-03
1.413911677526807908e-02
-1.897710303118169822e-02
1.078235717416940569e-02
5.056642260980500313e-03
-1.738761614891010457e-02
-9.911349763225825449e-02
-2.393684397829006286e-02
-2.546216525358649049e-02
-1.259728325491342796e-02
1.465193403387941157e-03
7.455406650481325413e-03
-2.409417400609768951e-03
-4.367018485658113155e-06
-1.753416134739451196e-04
-9.745109563388863402e-03
8.286036791225815865e-03
-1.091334651090277081e-04
1.816473861436252932e-02
2.290643928644086821e-02
-4.462139305216380331e-03
-3.646767260073082405e-03
-1.579164359831266868e-03
1.574173186425043697e-02
3.226645038052584728e-03
3.406374759789721797e-03
-6.928434064165552020e-04
-7.521397028354499283e-03
-1.428931903495864750e-03
-1.002551845920039014e-02
-9.536822023026674672e-03
-1.261824742498042148e-02
-1.510096505683275643e-02
-4.386005269620474323e-02
-3.235754802499464511e-02
-4.495920989640017976e-03
3.669911162876053883e-03
7.334586418070281879e-04
-2.842254526579901519e-02
-3.540812312598462692e-03
1.920312763802824781e-03
5.245071704250504722e-03
-9.013524327232794869e-03
1.327626644512583430e-03
1.746401415921297953e-02
4.255741253611561824e-03
-6.031597412641742477e-03
2.016335141252289381e-02
2.129152963320359374e-02
9.904039038842061410e-03
9.984306459158002502e-04
-6.967857643066768282e-03
-3.421888288077795225e-03
-5.001671785506059571e-03
-7.208650918703146150e-03
4.015729111444805988e-02
-9.055034740809960250e-03
-3.424448418067305155e-02
1.959584776072380297e-03
1.987731397834785040e-03
6.464409830471406875e-03
-3.439693771584336341e-05
-1.697018853529510055e-02
2.879626588678821874e-04
-1.554377787732458618e-02
2.934495912090245850e-03
-1.982036030731564383e-03
-4.988401255766578652e-04
8.743938745030159021e-04
-1.717299325481866715e-02
-3.096308154712893237e-02
-8.038142224762317989e-03
-2.927635737339663764e-03
6.900763693589781608e-04
-1.971215204233977072e-02
-2.749157303504468856e-03
-3.063878764865491169e-03
-1.194630092028234770e-03
-8.191524396887398321e-03
4.730233598045386137e-03
-1.219662956988168227e-02
1.612329002635199196e-02
2.952691940628758560e-02
1.977910512406668223e-02
-5.560153824949884633e-04
1.464011237727536920e-02
5.895021210926129282e-03
2.238591633299342500e-03
1.801585664133116636e-03
-8.382261120454274819e-04
-2.944388566164957404e-03
-7.388023143919736010e-03
1.447686315073448563e-03
-5.224808486956185501e-03
1.310081088852147781e-02
6.691825094120442546e-03
-1.516310745814198127e-02
1.336277443330294865e-03
-8.770897168218981218e-04
1.080982760080494674e-02
2.537471775359496570e-03
-1.647891855051818264e-03
-3.436542149086482096e-04
-1.040185597110603911e-02
-2.151658012998635891e-03
1.846129483418447459e-02
-3.581845918557041795e-03
-1.388815748210400422e-02
-1.375575807760787486e-02
6.274275186707663383e-03
1.890433554819399495e-02
-9.861152564707008784e-04
-4.193162387294623733e-03
-1.109441780636558766e-02
1.637665509697398391e-03
-1.274960902627435971e-02
1.622158687628229984e-02
-7.969607461630452694e-03
3.504133594659448515e-04
-4.219648610232654661e-03
3.870978552399218561e-03
-1.575674655356892190e-02
1.519651609590819998e-02
-1.846604098194138104e-03
-1.767952103482732518e-03
9.230886853889752955e-03
-5.252050566547200074e-03
8.221031620667324999e-03
9.923766873731023827e-03
-7.541756540835726184e-03
1.607869012926346416e-02
3.712875816363608167e-02
-3.108161415836499693e-03
-1.152309144792525207e-03
1.790611121628282731e-02
1.088954857021363389e-02
7.149669878628456439e-03
1.193366082475973318e-02
2.156323744317995006e-02
-3.226314601045139098e-03
-2.245968952983381974e-03
1.956375364100980049e-03
1.178921862560641971e-02
-3.647248875238789934e-03
6.355704429480423662e-03
-2.807797750614203069e-03
1.870093319447826627e-02
1.271609487674942680e-03
1.348959044803599294e-02
-1.418544962534984410e-02
1.409241581860257338e-03
-3.830658872423055045e-03
7.844980098193825996e-03
3.777057838114749808e-03
1.025484740589705478e-02
1.938655208609835548e-02
-1.060176798772985256e-02
-9.031240114837765440e-03
6.690246606138609310e-03
-1.077801909477149947e-02
1.814478703707212565e-02
6.283585273631671526e-03
1.246546628991346056e-03
-7.646720852969351914e-04
1.573215675558621574e-02
1.437600697717688822e-02
5.051134804075868914e-03
3.214621459019986749e-02
4.600491532600244353e-04
1.623617721183439515e-03
-1.332446916013757705e-02
1.498037978911498889e-02
-1.617410352068033479e-03
-2.994996511335723099e-03
-2.945522370593272113e-02
-2.871053340482763224e-03
5.432104051646055587e-03
2.524815763591658699e-02
7.287400096344568909e-03
2.485308795570380369e-02
4.674394279237490020e-03
1.747015735957405461e-02
-8.889380301633883347e-03
9.265150375075421885e-03
2.267735137807338694e-02
-9.778211695422776850e-03
-6.195607961173909238e-03
-4.490474521064620754e-04
-2.655440581370360504e-03
3.787332875914369273e-03
4.660637063925844245e-03
3.268173025359529665e-02
8.720890942309492827e-03
2.906155656246211128e-03
-3.481310372981241859e-03
-4.282257273032700345e-02
-3.648758504276448499e-03
-7.125788138913117208e-03
8.627407185336610773e-03
-3.438780629252495384e-03
1.519752282664490507e-02
3.844136506948479890e-03
-3.525069046463642081e-02
4.047669324199146268e-02
1.707266788774109215e-02
1.004788083964414103e-02
-7.873086285238970958e-03
3.944859463904601686e-04
-4.611993344676635319e-03
5.642853335177444585e-03
-1.099212451658683346e-03
1.986069343195870709e-02
-5.027877220224402990e-03
-1.608854058563063743e-03
6.203714388175543722e-03
-2.225983385142652426e-04
-6.396932621228646788e-03
-8.583861363291251170e-03
-6.022943346523683232e-03
6.945063482651434895e-03
3.385121839164349170e-03
-7.276678866667411413e-03
2.023156829528546027e-03
8.346603279764422748e-03
5.950930394549235839e-04
9.304136942757177189e-03
2.221016236285590015e-02
1.122819205401994792e-02
1.349594321020497825e-02
-3.387187373327040559e-03
-5.789264228007626190e-02
-2.336223169715331491e-02
-1.618604403868826105e-02
-4.080906481006981237e-03
-2.188036847047617351e-03
1.827585701587685794e-03
1.474791267625172276e-03
2.392605821093315641e-03
-4.999668373611544994e-03
2.945372269361814458e-03
3.123108486739595117e-03
1.181754201050523416e-02
4.334651669547442574e-04
1.287414704065065370e-02
1.008796542067697671e-02
-8.255149046971936360e-04
-5.961811704843019040e-04
5.899878167011610598e-04
-3.767524905069197499e-03
-2.455590004903765444e-03
4.440211124235009243e-02
1.806402916861916258e-02
2.413659887762430265e-03
-1.229724676586714353e-02
-1.082394783706838379e-02
1.626836780396285131e-03
-2.118907008881916812e-02
5.054829111985475326e-02
-4.452692121659305308e-03
2.525114454028433084e-03
1.684412039306991404e-03
3.341929102776212447e-03
1.684144956393755473e-03
1.571253039408749413e-02
-2.315668261723051978e-03
5.098256790014400047e-02
7.943428610769163317e-03
1.147858014414700548e-02
-2.093313799997205751e-02
-1.081983934870589525e-02
-1.685132686771032354e-02
8.538391533568816943e-03
1.847119657338684284e-03
3.303606524316108923e-03
-9.933494958841005903e-03
-4.659338295317850404e-02
3.966016945992712275e-03
2.030323146707625759e-02
-1.063218546538219691e-02
-2.162800436957346487e-02
-8.629740291225230023e-03
-2.027653675606201384e-04
1.071892137006663637e-02
1.189594406698865799e-02
2.343593146241546368e-02
-1.237468299371860666e-03
6.439959822406682993e-03
-8.168667101801446728e-03
-1.550846492880813589e-02
-7.446229779777413169e-03
-4.904698521357573303e-03
7.180722495834243949e-03
-9.170569375095798386e-05
2.448800930658168260e-03
-3.291404400112051508e-03
1.594273263287586395e-03
-3.253727784184108369e-03
1.381524119317187153e-02
-5.529271368674423988e-03
1.211709203164933538e-02
2.339083981587421895e-02
-4.482422964023257544e-02
-9.178747252723272465e-02
-2.966906367081684898e-02
-7.340966065324155965e-02
3.151100581748078958e-03
8.384721886074109412e-03
8.884967858029059386e-04
7.144890032248641786e-04
6.100768544956886377e-03
1.766844392064688754e-02
7.884576696706824088e-04
2.847385563888648122e-02
2.536086010771312124e-03
-9.797448912633435671e-04
1.048546089487881541e-02
8.464784178459432498e-03
3.716601321432013317e-03
-3.186959779037024619e-03
-8.605573096452703288e-04
-8.183654993164736491e-03
4.273316173117109457e-02
-1.221487224428534617e-03
5.162540100060069789e-03
-3.090013769975368668e-02
3.629883247944699475e-03
-1.149377257898025022e-02
-1.318058423259692996e-02
9.532134795315871587e-03
-7.657513742243186525e-03
9.601614263532870237e-05
-1.397962341952379650e-04
-7.522427093771754617e-04
7.510079470192646336e-03
-5.485950229678887742e-03
1.382355318685191473e-02
1.507464261945475233e-02
1.861321744922330920e-02
-8.557620200127295101e-03
1.903947934450051296e-02
2.757103475715487820e-02
4.233225617408051950e-02
-2.337444588040422239e-02
1.968471839517790204e-03
7.961920523206270778e-03
-3.483498029949409509e-03
3.541081057434454071e-03
-1.134544237612076026e-02
-5.457370882468823292e-02
1.034430819773039410e-03
-1.058068465867117829e-02
-1.201946162741948307e-02
-9.842978465461437246e-03
5.388738208734917927e-03
3.196281162518447520e-03
1.040404768341335329e-02
-1.744687800362997206e-03
-9.524017332431135643e-03
1.596318680954027756e-03
1.551718599219195855e-03
1.186593039739344650e-02
4.875747561257657257e-03
-3.854340259370596551e-03
1.812245384692237962e-02
1.465701970808289470e-02
3.791517880989977909e-03
7.520047888504089069e-03
-5.089035895384895133e-03
-1.865229409803485349e-03
9.185681286068590268e-04
-1.537488806845272934e-02
-2.651112243999121862e-02
1.802383832431759224e-03
-9.564931221067099129e-03
-6.582755367557475805e-03
-2.199431048404799915e-02
-4.252506137740494872e-03
4.988257368252346433e-03
1.075296685923269983e-02
9.794186228712368353e-03
-2.333252594523244940e-03
1.676973725637556298e-02
1.738281701155069275e-03
4.994687396586192964e-03
-5.139145980040555131e-03
2.092718257476824397e-04
-2.789500634070104460e-03
-1.728602892380293882e-02
-4.931462622374324992e-03
-2.249243849712772095e-03
-6.729311200861278755e-05
-1.816681776731354780e-02
3.245356939848756568e-03
2.835427369053429483e-03
-4.513914400743056742e-03
-5.543187274302697077e-04
3.888188532429762492e-03
-7.170058848128916043e-03
1.242736862794533750e-05
-1.926299729042006692e-02
-1.854309884524940263e-02
1.450055739391168741e-03
9.944912625121816053e-04
-3.900306583988521255e-04
1.605488319691463373e-03
-6.720699728686416879e-03
4.690064925286906584e-05
5.204621078236607717e-03
-4.277865313505420895e-03
2.992817837897045630e-03
-4.932247269467226330e-02
-1.144725521498436011e-02
-2.917925159623870578e-03
-5.516372888530804777e-03
-1.481322165038830539e-02
-3.222941775660262409e-02
-2.296732531074811498e-02
-2.184679309580063108e-03
-6.615660744218650885e-03
1.105699928175982172e-02
6.234976065338822607e-03
4.459708649312011004e-03
7.937991109937750020e-03
-4.293172061995289591e-03
1.649545398179176267e-02
5.404105255376196598e-02
4.142984127992027296e-03
-1.030557598464049672e-02
1.653344596902395908e-02
1.596429541764573384e-02
-3.885529816588217163e-03
1.256591435402000870e-02
2.787009599413854330e-02
-1.594644976090429933e-03
5.542918951039666267e-03
9.136860580343035901e-03
-6.969432939790174732e-03
1.582946144484719334e-02
-1.094117805845645428e-02
8.736918063680458243e-03
-1.342968704271907442e-03
2.590474192742950234e-03
-2.116731606203930537e-03
6.159925667786140743e-03
4.209696658403372371e-03
2.679483403728055019e-02
2.834271165902723516e-02
6.640955023523940209e-03
3.694550247727360764e-02
-1.737646596308051574e-03
-3.943381072713925128e-02
3.816967733254769072e-03
-1.391491121201360662e-02
7.051680746572018023e-03
1.243603496599899249e-03
-4.759770092822145776e-03
-3.511226425808514420e-03
-5.631509192258463744e-04
2.405289708145781288e-02
1.124537213630030785e-02
9.346617379833011387e-04
6.991130252631160003e-02
-1.025302689751230812e-03
-2.384906921246987554e-04
5.051921565021725603e-03
1.152824688755592917e-03
-3.562886926555638122e-03
-1.107336920111759351e-03
1.826537351775388805e-03
-1.590077046380665091e-02
4.138714506521327247e-02
1.312559028212191038e-02
2.522802340559209683e-02
-7.303281118599226802e-03
-7.663587989832043937e-03
-1.405959341929733340e-02
1.037172586892918212e-02
-2.713039574771891962e-02
5.711188123364513772e-03
8.816936238891220218e-05
-3.934776636649286313e-03
-4.813963824321230295e-03
1.029223134743707455e-02
1.033397713758001275e-02
2.707967539766916940e-02
1.474111829364685954e-02
-3.953441913245274789e-03
-3.260102644111083012e-03
-7.132259171958847677e-02
4.202449173577558345e-02
1.238446596718133404e-02
8.020447579501082530e-03
1.347054451832722368e-03
-1.409238581311661465e-02
7.429268134396034172e-04
9.277974261099547829e-03
2.244784924712781363e-02
-1.690361905127325468e-02
1.900434375956914709e-02
2.379617633297809523e-02
6.512222384837597789e-04
5.793899038503723571e-03
-2.412671566013918807e-03
6.489281860080347610e-03
-1.049791684805425999e-02
1.301235333605739106e-02
1.157310668519989129e-02
-2.809642713257045656e-03
-2.651916469244208416e-03
2.925516579316756426e-03
-7.942165654802178787e-03
-2.169881599701157723e-02
-2.089732506555697436e-02
-5.141799143168545444e-03
6.213470732095900846e-03
1.427838515236320256e-03
-1.198848521830095815e-03
-1.338589020616328144e-03
6.243921310782422733e-03
1.476501834015657281e-04
1.264337291870248209e-02
1.307834270294334390e-02
1.439560807787053018e-02
3.129292471963258937e-02
-1.151503396548058528e-02
-4.076996891804401252e-02
-2.063894455992397112e-02
1.527317407441976943e-02
-9.320152598107049949e-03
4.479410154553372346e-03
-4.129297394427786094e-03
1.511168455012463759e-04
8.406746434617546476e-03
1.697131230710834451e-02
3.398730988713026362e-03
3.092117690500153018e-02
3.925234236415046712e-04
8.260989800142059741e-06
7.653264967786674484e-03
-3.340731665700710784e-02
8.348393121782125142e-03
-9.210824006887851452e-04
-3.080202159810993740e-04
-5.767887765306332383e-03
1.813303105691860262e-02
-6.042573262065144626e-03
-1.541724521242152091e-02
-2.339436029726706806e-02
-9.538536723474310211e-03
-4.252140128388992579e-02
1.348061909453967741e-02
-4.413932001960580581e-02
1.023406277884953471e-03
2.169016966688313338e-03
-3.153659790161774615e-03
-4.439215131712034162e-02
-2.657151734265422727e-03
1.567298453097728389e-02
-2.546710749432951754e-02
2.972304430909885470e-02
-2.089481758065316486e-03
4.613214381333124829e-03
-1.478077477662604299e-02
4.097046139503155576e-03
7.634469309062117542e-03
-2.593335983044898693e-02
1.957736471820842664e-03
7.554940901844255964e-03
5.750471360045179489e-03
-8.062660177196956032e-03
-8.648622709932380368e-04
4.884818274399797995e-03
1.373966610149939330e-02
-1.240260727162267873e-03
-7.533703752899315910e-03
1.453707350914723931e-02
3.121602025928799703e-03
8.113119364238098249e-03
4.731423719481875345e-03
2.800981017781140948e-04
1.090387574793167530e-02
1.084711981484683639e-02
5.489575699519111916e-03
3.146784515199317796e-03
-1.455072843634674018e-03
-5.588701138012465777e-03
-2.327799380612340444e-03
3.432183197294476872e-03
9.882930330774707811e-03
7.784137669800957754e-03
-1.197531670516407748e-03
1.027432668287353752e-02
-2.533706623751681968e-03
9.708620305647489360e-03
-9.199086461801844359e-04
1.412048492252588813e-02
2.249512712741754891e-03
1.305621503021097730e-03
5.164465604899577504e-03
1.854076261140971769e-03
4.518692163803315898e-02
1.208887792952501039e-02
-4.346784276452800994e-03
5.044866107780917285e-03
-7.295074517341541484e-03
-1.424386873169227168e-03
5.705603319925002352e-04
-1.105439721808882791e-03
1.021940402529449878e-02
3.089451610437894246e-03
9.560750313486491507e-05
1.381020423739787346e-02
-1.181037611430283026e-02
8.193925392902097482e-03
-3.285850570913228467e-03
-4.881493688011561555e-03
-4.361600264817915192e-03
1.949683138586447888e-03
2.697369555874485139e-03
9.551649221062309680e-03
2.427960377816084248e-03
-1.025110175774741027e-02
-1.839865791912503185e-02
1.335044341544093689e-02
9.642210874701467090e-04
-6.149999458552853418e-03
-6.844602153758480752e-03
1.841853066266398511e-02
-1.303039948142984187e-04
-3.038831908172382216e-04
-3.831895353160379505e-03
-3.396832208641005491e-02
2.700746977439325621e-03
1.382174246801908457e-03
-4.227922919507284827e-03
6.363367894096208293e-04
5.815646443906992381e-04
-7.051434288508447688e-03
2.370754309448828284e-02
-4.384137580049169911e-03
7.855165941092189311e-03
-3.810751889537216264e-03
5.170885005789794056e-03
5.533823285591436131e-03
-6.430084890824600691e-03
-5.149486007775060971e-03
-2.217955627412597844e-02
-3.024115340272281668e-03
1.346992829183440857e-03
-2.579718279646747714e-02
-1.694029102025658776e-02
-1.685597968010110054e-02
-1.227536729540217725e-02
-8.292122535620522622e-03
5.909841856929411857e-03
-1.980781095518127990e-02
2.132747092182377992e-03
-4.031310764984028135e-03
-7.311913524674116399e-03
-2.318456379477791627e-03
3.848700997720412836e-03
1.983784627984808840e-02
1.408447477449590798e-02
3.098911815422883496e-03
-2.988206240489545574e-03
-2.149503992021487345e-04
-3.250192510766411642e-03
-5.128718021764525070e-03
-1.210336708697160426e-03
1.163108989715347374e-03
3.916688443230531905e-03
-1.240464933519749326e-02
-1.711771837049944414e-02
-3.202687222630586777e-02
-4.848019500804991166e-02
1.859116765727052145e-02
1.143215163401171616e-02
-2.709631348830896652e-02
6.661124277411750727e-03
-2.118456478750500079e-03
4.078672909413990494e-03
4.656809077483998853e-03
1.979557634738779177e-03
-1.239309731851917029e-03
6.116452225296956959e-03
-3.366640756189872175e-03
-1.922599495223802383e-03
-1.856820009913402736e-02
2.558329629735657095e-03
-3.836686372280249772e-03
-1.080734025138256442e-02
1.912308499731889960e-02
-2.372501315806653023e-04
-9.446868058472868233e-04
3.412668364982223475e-03
3.013027340085419181e-03
-1.991066041108394483e-02
-9.212913016194205357e-03
-3.154093962030744130e-02
6.508454947702454162e-03
2.650704643803551957e-03
1.835696762331140777e-02
-3.541596758183917365e-02
-7.692868283798921791e-02
-1.458059662383653574e-02
-1.125870301734819591e-03
5.301853889206082499e-03
-3.773344876525625176e-03
7.606256106365058946e-04
-2.819880841710230681e-04
7.308167735061561711e-04
-1.030306811680612063e-02
8.977873194869723586e-03
2.111541101053153457e-02
-5.151315891535414348e-04
-2.332705623629089189e-02
-5.223872745010252610e-05
-1.259105697924632096e-03
-1.220357473026954451e-02
5.096446537750425922e-03
-2.329085133863194323e-02
-1.315273562846545029e-02
3.224011595654235202e-02
-3.573262284665769395e-02
-5.146664571111587982e-02
3.223333103868230957e-03
3.823031723110716009e-03
6.734026397903362764e-03
4.389864690453654586e-03
-6.181916795904233118e-03
-1.817942222107512412e-02
-3.427250217649893682e-02
9.685203153761036757e-03
1.881614514381682200e-03
-9.500539961277231979e-03
-9.159803377092041836e-04
6.806375005182635496e-04
1.195298126710178307e-02
-1.139882278026538298e-02
2.886331805141315824e-04
2.971069533345067123e-03
-4.050492103408749600e-03
-3.333778677898447361e-03
3.835720419905193010e-03
-2.794839136339046654e-02
-2.152038970323573441e-02
-1.865547621891114685e-02
-2.482177287624918668e-02
1.553695121428383223e-02
4.567255323455166049e-02
1.966637268387110699e-02
3.696962933026599202e-02
1.501030345973053057e-02
4.846187960643110262e-03
-1.785400495365862834e-03
-1.143240082706818619e-03
3.751374516657920901e-03
-6.465150145186132451e-03
-4.560387921103017592e-03
-6.391754178822923191e-04
1.044212795973520911e-03
-5.612012730426318291e-02
-3.052855678497019571e-03
-2.986480052339814464e-03
1.233714051134521261e-02
1.932279376770022370e-03
-4.803082429113625569e-04
1.082644097162446502e-03
1.605985608363052521e-03
1.780789623326416507e-02
-2.180819057297671629e-02
-2.902514974321053834e-02
1.605777740279415097e-02
3.467105949343775306e-02
1.346000698346938411e-02
6.599346012820319317e-03
-8.581033180991893411e-03
1.847270040420987205e-02
2.461278410730639507e-03
1.263996897848609349e-03
1.667251109732641873e-02
-6.311847787499184556e-03
-3.794810511107752065e-03
1.383256458965980915e-02
3.726143682720945653e-03
5.623168561854420197e-03
-6.704401147337440449e-03
3.718892467099173954e-02
-1.640959237105939911e-02
-3.443300432653981918e-02
1.481961196665734261e-02
4.634534540802457444e-04
-6.204212064847211550e-03
2.973625472301155790e-03
-4.340410769944679469e-03
8.104790230222595065e-03
8.777522310558866225e-03
1.269907784782823819e-03
-1.409044088690498617e-02
1.191074537417563355e-02
-2.155339318160748655e-03
3.438854958365629346e-03
-9.574193797351523288e-03
-1.975724469241844049e-03
6.137794531715002992e-03
3.749683432529294681e-03
-4.555818023091786077e-04
4.904725789819097546e-05
-2.176592668928737685e-03
-5.228248841150566310e-03
-1.136089681308119839e-02
5.913540993239218418e-03
3.207561849225113674e-03
-1.526312951208811308e-03
-5.119182055918103814e-04
3.505481141909380042e-03
9.215043123218946350e-03
-1.034396595565260663e-03
-2.995301726586291693e-03
-1.423181948033411422e-02
3.551116344783072747e-03
5.190566359746131946e-03
3.270127788467803998e-02
6.031904231212009866e-03
1.169686295470973025e-02
-8.923939010223185669e-03
1.202458198430828712e-02
4.484726065149500021e-03
-9.825784037123380926e-04
1.199040893325454583e-03
2.065190349185831459e-03
1.016228017632859679e-02
5.629197145740570500e-03
6.437102747987375048e-04
6.844128898126736497e-04
5.881977761351455525e-05
-2.606092366126742162e-03
-4.404037208456766141e-03
6.694340278636634611e-03
3.852661536401360892e-04
3.389464639702357836e-04
2.593548212984069824e-03
3.943590296982156713e-04
8.259697114453208935e-03
9.711040134446700511e-04
7.621752194494823759e-03
1.018126898772825015e-02
5.447548171380326570e-03
5.962617326704747374e-03
-6.656889519708824622e-03
2.494771402366579433e-02
2.597506698297396416e-02
3.371433137415594163e-03
2.842761464269837491e-03
7.335758325796629641e-03
-2.306960302410359168e-03
1.158964317654676175e-03
2.179877957753671019e-02
1.928531790973016941e-02
-5.386921549567991185e-03
3.420239901237369720e-03
2.315121524449359480e-02
-3.636371285998943326e-02
-6.844484139622170234e-03
7.553962336438314711e-03
-6.894261236901233492e-03
-8.025636588473701247e-03
-1.314309138532575218e-03
5.464178506550217661e-03
-1.212262515074121090e-02
-1.424186219136021683e-02
1.158882385110680292e-02
-4.588151881506042154e-03
1.992957714115290834e-03
-2.821956616657032434e-04
-7.262680793825402638e-03
-4.067518621474989528e-03
-6.101185413504984015e-03
1.439333470124591792e-02
1.520223776135350841e-02
-7.797870458471387739e-03
3.306107783646422462e-03
-5.371455849968562353e-03
-1.246824911344209148e-02
-9.749581313797731075e-04
1.202311304027351433e-03
-6.824155154744041517e-03
2.868683829292454062e-03
1.402093163182245149e-03
-2.090105688000559823e-03
2.658113624254389643e-03
8.764577793943531753e-04
1.854855375173055688e-03
-1.790607489350500708e-02
-1.478702183528238408e-02
2.336520488710696827e-02
1.382264408000738638e-02
-2.063582611381487714e-02
-1.040249395653471305e-02
1.505543290713562236e-02
-1.200362299541080612e-02
-9.793099568775995474e-04
-2.421246187019012851e-03
-5.670850540997053428e-03
-6.733791881589607127e-03
5.216408988073348470e-03
-5.316682603101439107e-03
-6.603362328722158642e-03
-4.235716566888906090e-03
-4.097152950897181047e-03
-2.121336436315556309e-02
-2.658546292773927410e-03
-1.852308567700123448e-02
-3.787070778665996285e-03
7.643535748627083848e-04
1.816471408658193714e-03
1.071355350814089114e-03
6.835122657792546894e-03
5.674203268768174442e-03
-3.688059837145815818e-03
-5.738426670562742950e-03
1.266249194370633411e-03
-8.857986546126373276e-03
3.269254631120682708e-02
-1.198947013554466957e-02
2.186453132251541410e-03
8.525114408414210089e-04
-9.522788776655854992e-03
-2.022883445993060511e-02
-2.152796913554490613e-02
-5.409875131189178198e-03
3.363411448066645770e-02
-3.272679004161559244e-03
-2.989032276901275754e-03
-9.649321196041667908e-03
1.067583271179526998e-02
-1.195350267650790305e-02
2.580824435803636199e-02
-1.977687044135212520e-03
-1.897914653701674066e-03
-8.710348250108115344e-04
2.884944584964116605e-03
-7.306585431966561468e-03
1.522397952857329137e-02
8.159250214758932696e-03
1.141211061110372800e-02
-1.382176262790635497e-02
-1.855495472153268930e-03
-3.633501379320119504e-03
-7.291200493128037821e-03
6.058895605790237107e-04
1.549620768621033130e-02
3.467537006409793406e-03
-6.062011861915936155e-04
1.857145949581511012e-03
9.324535740267462028e-03
3.530591120210208132e-03
8.311351567215222516e-03
4.622523584514310994e-03
1.263216923097876775e-02
7.732873060819211997e-03
-5.639680644784531537e-03
-1.535593836567820903e-03
9.690255603186715902e-03
-5.187192689625095502e-04
2.247780149088067156e-02
1.923053204896899709e-02
-9.622617976885189037e-03
-1.715290966911434470e-02
-1.130567377008821378e-05
1.080167181894861302e-03
-1.007033456128305499e-02
2.965979905267820873e-03
6.704246949153520180e-04
-2.855132484812868588e-04
7.971086222912806760e-03
1.018661640642958693e-02
2.483931147111866078e-03
-2.881715820268195786e-03
1.611158203564902122e-02
8.847799399914262021e-04
9.224547541175529778e-04
-3.740303185180801518e-04
-2.608087687945795201e-03
-4.491941759827993222e-03
-1.294318698088103630e-03
-7.513147681403134839e-03
2.586552179924615780e-03
6.949482121139973802e-03
1.310057698051652654e-02
3.451247408489848453e-03
-3.519842174897623750e-03
-2.092752277327858401e-04
-8.064909002185472603e-03
1.323734574926526721e-02
-7.548943331277944112e-03
-1.702584429827388307e-02
5.280851999541445740e-04
4.564249768958594106e-03
-9.267048133783088075e-04
-3.478200306909736209e-03
1.588089357018438938e-02
-2.799345438601393444e-03
-1.017703846903074915e-04
2.760156866083592151e-03
-1.214721384734781910e-02
1.462837986810519922e-02
2.875103602980680698e-02
-8.706880589633125486e-03
-2.571186214902600100e-03
2.386918233823861341e-02
2.594447771665965227e-03
-3.359410893320645495e-03
-6.453126741044482723e-03
4.075028278078183380e-03
7.618959723366002966e-04
-2.573703502612531210e-02
8.144623725957634425e-03
4.687319603986224545e-04
-6.669411661562802025e-03
-7.505119135341413840e-04
-2.001585663466080422e-03
-4.237718256070050274e-03
-5.104731836830501100e-03
-1.752544467258274584e-03
-2.948909307186269469e-03
-1.093568259026153448e-02
-1.091847061116015850e-02
-1.481349342306949356e-03
8.893400014812310322e-03
-3.877499523977741801e-03
-1.374402540136704202e-02
-1.155905382622518345e-03
-8.536384980322138730e-03
6.127327243934193278e-03
-5.648756983580205566e-03
-4.460826772636437669e-03
-1.631931621816849406e-02
3.631375964782813156e-03
1.385028591390111315e-02
-4.094648865243153378e-03
-7.498241437987314059e-03
-1.415950912513888431e-02
6.447698546856801133e-03
-2.010538914259955585e-03
-3.659286278420948932e-03
-2.034648079454450843e-03
3.587589109149700532e-03
-1.269631836666943641e-03
3.093128237211837089e-03
-1.129987937601142738e-02
3.730750870211541731e-04
-4.085814782167157544e-03
3.041802777970075214e-03
-1.405523976114714593e-02
-1.952729060844883005e-03
-4.798917054073576979e-03
8.472245172953704953e-03
-2.862145419261587654e-03
-5.964090861080567109e-03
2.020939070030240529e-03
1.598662405094595715e-02
-3.354383900225600939e-03
-6.355789984496881297e-03
-9.521256448065975458e-03
1.646485223578079277e-02
4.815995288623536527e-03
3.995135077598071550e-03
1.323503839946629356e-03
-4.811244302693945540e-03
-4.911855717955966941e-03
-1.968320213800101373e-02
1.707449701001953132e-02
1.161562543623841960e-02
2.927000325972885925e-02
8.798995227129799770e-03
-6.336169579763283391e-03
4.419099298277824107e-04
2.055270678961425377e-03
1.772818566579399333e-02
-3.380823668751609026e-03
-5.216821473151412973e-03
3.797557874397685784e-03
1.699583219720286753e-02
6.870918837746824333e-03
1.927288684708501577e-03
5.863459680042561227e-04
-1.773407735279656887e-03
5.028949288481398931e-03
-4.848336156005275677e-02
7.801422713660977233e-03
2.170598663779026508e-02
2.759680161484125583e-03
8.566403168561182585e-03
1.590008949506584168e-02
8.277371654492443262e-03
-1.127110585143404203e-01
1.655002821836618976e-03
1.180330981893266615e-02
2.373740013658866971e-02
-1.150397625088103205e-02
-4.270872286351035379e-05
-1.151537992652115934e-02
4.674841635476308620e-03
1.404622612604055493e-02
2.058858952717903482e-03
1.998009871540944518e-02
-5.824836834860719521e-04
-5.492823486682043600e-03
-2.322506827055172834e-02
-1.722666509807684043e-02
-1.621227125401946204e-02
-3.120685871742019061e-03
7.149462030897214132e-03
-2.259676878383308756e-03
-2.910783255579424498e-03
-6.419411964739277915e-03
4.954497203758690023e-03
4.483885828425500895e-03
-2.753178381907500503e-05
-3.294658695834234204e-03
5.744154814199628305e-03
-2.008371932693420008e-03
8.298371823610021028e-03
3.720592071479941754e-04
1.748767347426655183e-02
-7.089111758188455098e-03
1.869127578225265526e-02
1.244863247355588315e-02
2.839752325300587323e-03
2.570357090633207386e-02
1.726548230017683691e-02
1.865180726055510338e-03
1.742731418174511132e-02
-5.443204480216337279e-03
-4.316271403839622330e-03
-3.338863659182172462e-03
-1.098254536089037468e-02
1.655232867252705818e-03
1.769451511331043489e-02
-4.495302125781058811e-03
-4.242582035797814316e-03
6.584751936401727658e-03
-1.595254249187906884e-02
-4.402117896609813292e-04
-6.800868608298558070e-03
-2.515554148611647695e-02
-2.425793512703351869e-03
2.634697465185705575e-03
4.434048581430837183e-04
-1.770845339906298695e-03
5.304273843846108415e-03
-3.102198927587176795e-03
-5.554002960518460499e-03
-2.339610086895375918e-02
-1.139697090712032132e-03
4.050105383575084046e-03
4.574120920888690594e-04
6.284064355763630157e-03
3.985333165186097197e-03
1.571691996225631910e-02
-2.029717971636243144e-03
4.531810883161831692e-03
6.584589639866412743e-04
1.105903101766614327e-03
-2.915325001226992761e-03
-4.714915295706236485e-03
-1.316071378751967023e-02
1.451593128817323802e-02
7.136737332860190568e-03
7.033068780100049620e-03
-3.861739797906942051e-02
5.565638745471997856e-03
-1.916450066525551225e-03
-3.193209601406092266e-03
6.162048670990371603e-03
5.821898864285320226e-03
1.522418651443104877e-02
4.702146423902688922e-03
3.654483690352095665e-02
-4.080191311923111845e-03
3.445351021548622404e-03
1.612392248520993100e-03
-3.439364569844508696e-02
-2.225055610852868376e-02
1.512441977972928120e-02
-5.399092470081430679e-03
-8.274728497476509931e-03
-2.207592001189373661e-03
-4.143238756415497555e-03
-9.119112082634311250e-03
2.761401337894243534e-03
-1.679728674063217042e-03
-2.566536208313933629e-02
-5.636003809591393597e-03
-1.284813184406934268e-02
-3.163438351335019424e-03
2.264429434982112056e-03
1.175756557529187077e-02
-3.437445303731142144e-03
-3.380678184452055000e-03
1.268179965999021407e-02
2.193409520964127203e-03
7.395092087594557504e-04
2.719430071737247850e-02
-4.753541255832799298e-04
5.112779739149126692e-04
-2.325300078616813777e-03
-1.794705820352701089e-03
-6.696023381285304277e-03
2.717475885842896878e-03
2.337179881972045736e-03
1.228191015914659135e-03
-7.255612530203692408e-03
-1.702456459952675707e-02
9.087772094394545169e-03
1.452781773908635304e-03
6.195767125197741525e-03
-5.953402121962966418e-04
7.282631733351437216e-03
3.408882712767861978e-02
2.129965183381307638e-04
8.289482285349503501e-03
1.379176456501625316e-03
2.397734535220658481e-03
6.022938076295075542e-03
-3.035561557827082041e-04
6.850441755286214730e-04
5.061080969238819114e-04
4.149004387209384755e-03
-1.732830624899445518e-02
-1.782200977459093283e-02
1.366112521915658143e-02
6.530582377846257103e-05
-1.174906125787361817e-02
-7.808417690874913490e-03
-4.947764284564473876e-03
-2.077852341815368542e-02
-2.882509653691102229e-03
-8.690652923283071624e-03
-2.999212303835896345e-03
2.485231519380653661e-02
-2.436770872802752376e-03
-3.413130202471589738e-03
2.621182082827703142e-03
-1.264615892026445731e-03
1.426492269429260884e-02
1.351067534777730499e-02
-3.212743308641387990e-02
-3.691789571898266599e-03
-1.475152635027385359e-04
3.759179657612830155e-02
-6.769440050759560450e-03
-7.008018786421266189e-03
2.708192206776242287e-03
-5.983956105209066630e-04
-1.618483697666109116e-03
5.796494537100363442e-03
1.973760656107935527e-03
1.253279121257225466e-02
-5.905495511095174184e-03
-4.687959831224374277e-03
5.326339633453708138e-03
5.493326630495900913e-03
-6.584640230916862132e-03
1.284130383846826019e-02
-2.069337476937615702e-02
3.926990253843962338e-03
-5.327035778689056741e-03
-4.371846124026024455e-04
3.172108728169516223e-02
7.141759776913986398e-03
8.496647244585663755e-03
-2.258092655242047424e-03
3.179161082986897528e-03
-2.278812922009793886e-03
2.402201880043084055e-03
-2.332092096052567395e-03
1.337491780667908296e-02
7.403565426295074733e-03
1.302358732675156297e-02
-7.680096409166070571e-04
-1.433725866230056191e-02
-5.984516991888661104e-03
2.220282617996955504e-02
-3.066200396096993575e-03
-4.132117950443862540e-04
-2.029693240038774396e-02
4.485254035132472256e-02
3.966667943721609996e-02
1.977439284852804211e-03
-2.254490825584797356e-04
3.627441756032091878e-03
3.759390897176661129e-03
1.737674581381050973e-03
2.905792069102622679e-02
1.717301717225731481e-02
5.614394383046801724e-03
5.103883787805262896e-03
-2.806862291524163042e-02
1.293137242819075890e-02
3.602595922654114324e-02
-5.664105069570511469e-04
-1.342219025123964765e-02
-5.281010237827455257e-04
-1.188679648081899035e-02
-2.467515950245828624e-03
5.865419283030028422e-03
-3.189972671913852368e-03
-1.309417894306419416e-02
4.550733291798666450e-04
-8.624540421902675974e-03
8.510394760041839479e-03
1.798143945672271357e-02
-4.734675416895891111e-04
-5.346215190185225723e-03
3.248973525361539914e-03
-3.660121949039518534e-03
1.099915654236769021e-02
3.152394279491795362e-03
1.977509382942575430e-02
1.119945350632989235e-03
-7.372574266601141131e-03
-4.832397355339796211e-03
2.272750680100844509e-02
5.862338467488056003e-03
-8.317640362656976774e-03
-4.213308550620882900e-03
3.576196742198922782e-03
4.423712172933891816e-03
-3.651519012810361484e-03
2.571835851862142377e-02
2.707247751270638533e-02
5.079083841382995429e-02
1.048641102340761716e-02
3.754343357821852273e-02
4.995442740097814742e-03
7.798789945148845021e-03
2.409031214153425637e-01
-3.715180811252404448e-03
6.825010859389118306e-03
7.671161354608245671e-03
8.067110568562912629e-03
9.263552370130119897e-04
2.590076219348535005e-02
2.056921039051222075e-02
-1.170244303965423394e-01
-3.362174984164821578e-03
7.953648302358054534e-02
4.340366270285929071e-03
1.462383637129177974e-02
8.170694840402498507e-03
1.275351990550656171e-02
1.015415153862322169e-03
-2.181955530719444577e-05
-8.710555225480384398e-03
7.048513642776278558e-03
3.544390545508088915e-03
1.023572063372895410e-03
-1.243526169216333313e-02
-4.797913790495348871e-03
-2.350961793228216988e-03
-3.247604318005812944e-03
-5.043208239794909169e-03
-2.748936560327749044e-03
-2.445564659836666974e-03
2.596851590750874281e-02
-3.751208108981348571e-02
-1.504641248530806490e-02
-1.923309069905801763e-02
-2.329576165111616956e-03
-1.878339456454097139e-02
-7.090614711413504787e-03
-1.896214393733339915e-02
-5.772193899748521463e-03
8.062845152070913929e-03
5.172261967770394250e-03
-8.127691468845612763e-03
-3.484151495562768514e-02
5.825909106158737825e-03
-3.187574980198492128e-03
4.865277028029585046e-03
1.314620844994159564e-03
-2.162980831476305019e-03
-1.744932351901411910e-02
5.085025209072049565e-03
3.214062181199043786e-03
-8.165487402367542849e-03
-2.859077238336206581e-04
-7.938300932846590469e-03
8.129424754452433798e-04
-6.276685604406700633e-03
2.341557966739114729e-03
-2.579521001992405096e-02
-2.546751917406497759e-04
-8.095980610632389288e-03
7.073844763983485988e-03
-3.173462084481722557e-03
-2.030133591539822271e-02
7.586058013794958355e-04
-3.228705181185474726e-02
-2.167087106330576541e-05
-5.307336343769099296e-02
-4.927409122115654176e-03
-6.433262448240985483e-03
1.752495103103831123e-02
-2.481320935525295964e-05
-3.768458634323734735e-02
-5.064378584397220828e-02
-2.025119977911593420e-03
5.096152577750936129e-03
3.910612944167584986e-04
-3.272673898108497108e-03
5.435220594729694684e-04
-3.315098772876644284e-02
-1.146400795691376873e-02
4.780282498882170231e-03
-1.497411469952151988e-03
2.620358753383700626e-02
-3.035838611306947502e-02
5.889561686196616644e-03
7.273595140103883243e-03
2.462879318037094773e-03
2.661615807468752440e-03
-2.959759618949356352e-03
6.515548348284499677e-03
-1.192658015003258921e-03
2.068964662273181654e-02
3.130626151659803014e-02
-1.478564770437877207e-04
-1.300164756744951432e-02
9.981331040298573043e-03
1.179919333607854816e-02
-3.544561731446541682e-04
-3.615022746844184873e-03
3.366873924280866948e-03
-1.877542311789794126e-03
5.229774674259806376e-03
7.789771978207649453e-03
7.810690919504827655e-03
1.448499776521152034e-02
-1.229344128561293478e-02
2.763222514794717345e-03
2.178491484389108099e-02
7.465656244587271645e-03
-2.071009316549583118e-02
4.341866538383347233e-03
1.540690740930472473e-02
4.555532717666409097e-03
-8.052821950708546547e-03
7.677414435608157645e-03
6.017428638247966860e-04
6.086432824869642336e-03
-1.060051908948447461e-02
1.846171457469979876e-02
-4.342414403422005173e-03
1.190216991462386513e-02
6.462720075847584213e-03
-1.433311976451433038e-02
-8.581052133124409537e-03
1.249555242683910751e-02
1.270603928293368920e-02
5.035326827003844437e-03
-1.111041346948807296e-01
1.433818403188450233e-02
1.092227843763747194e-02
7.688073834028496568e-03
-3.927850065181503342e-02
2.813648181493197398e-03
4.448696733510071506e-03
-1.167789591588559413e-03
-1.238281659113720824e-02
6.684264708265931672e-03
-2.431484118689063861e-02
5.878854698959070290e-04
-1.131311391394429532e-03
-1.703677799418994859e-02
-6.412485800816487835e-02
-2.382664594196994001e-02
-9.473924748720000816e-03
4.361805323224376800e-03
-2.245738987910739573e-02
-2.216869158668798858e-04
-2.779712276877584556e-02
-1.583544205560999743e-02
-1.447459535617049049e-02
-1.137380955680219758e-03
-5.572256243926344138e-02
-3.661008344208207393e-02
-1.288066408274971333e-02
-6.338444451987561463e-03
-3.974439393797499567e-03
1.109130316250834928e-04
-3.957888185710463358e-02
-1.117484208348711733e-02
-3.936895790343858219e-03
2.303773114675579381e-02
-9.603185548859785939e-03
-2.059795010508929346e-03
-6.889479617687291942e-04
7.567539256690925323e-03
-2.126207192740536475e-02
-7.594178652533078826e-03
-1.165399901988694725e-01
-1.299924641636410749e-01
-6.952871745969961374e-03
2.455864953922962460e-02
-2.576006422552755762e-02
5.946924300649821145e-03
-7.160248166110373680e-02
-5.504114627025496684e-03
4.969896771626447322e-03
5.197876797373730991e-03
-1.000176198079486510e-02
-2.781313520031618303e-02
-3.464870495966187493e-03
-5.409433362150097187e-04
-2.149150312039938698e-02
1.022974190231486745e-02
-4.526369226909143784e-02
2.397763893193659897e-03
-1.320837304324658408e-02
1.026074329620428952e-02
-9.563802344276110812e-03
-5.406791290130127242e-02
-8.864998663738493656e-03
-1.295842102384758615e-03
-1.762341249334453339e-02
-9.700366263187860591e-03
-3.504674573772821600e-02
3.293361452841940236e-04
7.911307785706729948e-03
-4.083594835043318633e-03
-1.747120077796717602e-02
3.271586670833384874e-03
-1.280627027084487585e-02
-1.312868307617238561e-03
-3.095917508768575559e-03
-4.838484348439542511e-03
-3.524638014177424589e-02
-2.636320961183235157e-03
-9.080852777886862931e-03
-2.389349457314596803e-01
-1.538853420961647754e-02
1.134791989538004239e-02
6.835310997281266940e-03
-1.739541580866083362e-02
-5.325403341001537158e-03
-5.742269590158053869e-03
1.076232152668696491e-02
-2.718161525282493472e-03
-5.513319936339940511e-03
1.353354514293167443e-02
-5.340736094129141555e-03
-4.762226361500648472e-03
-3.596858119207443048e-03
-2.387410865731265288e-03
8.689388240324509571e-03
1.406924864706610503e-02
-2.022256073393889977e-03
2.578538529719302461e-02
4.498301197832978854e-03
-1.056989864324391288e-03
-6.427659500814994140e-03
7.300310383556665554e-03
9.059857752447596571e-03
-6.256981440116327498e-04
-2.803277346770821632e-02
-5.467063450430374033e-02
5.912636956804154763e-03
-5.520747100728651442e-03
1.512514684275180314e-02
7.126826491315846682e-03
-1.560429519980769709e-02
4.315388933258066664e-05
5.096808804926939752e-03
2.712707809587801711e-03
-1.188742747759719692e-02
4.543065797395193228e-02
-5.127603795709805880e-03
2.419104449536565657e-02
-6.432712106530872600e-04
-7.476213109456323128e-03
-1.076556637410606802e-02
1.081561804699948497e-02
-2.414088401328192204e-02
4.840119939211976786e-03
-1.757150130052883077e-02
-2.700420807932976328e-02
-9.627385179853219579e-03
-9.124871026558070523e-04
1.421106842615110950e-02
2.441906897996972553e-02
-8.516374993392629433e-02
-1.601417862856521074e-02
-2.426421838287670402e-03
-3.813337944662881750e-03
-5.225168844597861961e-02
-1.826756401337385413e-02
2.080020259226541754e-02
8.647151026549790634e-03
7.360524695821842218e-03
-6.869719743960153507e-04
-6.083027268346915400e-03
7.223220907443900218e-03
-1.119526057610917280e-02
1.944627887939390787e-01
1.100523218505954949e-02
5.158610453394416734e-03
9.838575208994681381e-03
4.320484889291590215e-04
3.822827057727204436e-02
2.605170225672492901e-02
2.512177932761544639e-03
4.478083983570894759e-03
1.809489226021735245e-02
8.181280372843815259e-04
1.915171393215574702e-03
2.912471376592073741e-03
2.138725419464985490e-03
-4.883916078816716300e-02
7.119521593315233932e-03
1.458102520000992622e-02
-3.289758291420022494e-03
-1.043266837163113817e-02
4.776101664828527778e-03
2.742825750658745725e-04
4.651380622550293532e-03
-5.869617342112422309e-02
-6.623777047433049292e-02
-6.746637278604861176e-04
8.246325118971688933e-03
3.874702740074494056e-02
2.983238567337974812e-03
-5.473308981867739537e-02
-9.767910588660631832e-03
8.901959860877853032e-04
5.177849925564523455e-03
1.990179398298895161e-02
6.015937696207175958e-03
-2.060353192374079004e-02
-3.166225747828813140e-03
6.520036969737837661e-03
-4.536029024462888415e-02
-2.297761542927785790e-03
-2.012003911083410160e-02
-2.119620508668992355e-03
-3.338392436707987077e-04
-3.893646731562682567e-02
3.231210617222955890e-03
1.268332039223138939e-02
-8.455506112839966323e-03
5.170164407868475635e-03
-5.263284913088320249e-02
5.675475094661976312e-03
2.359830241765192599e-04
-2.827814231776716418e-03
-4.019002270764539947e-03
1.366441096287038378e-03
1.090248735950634026e-02
8.537817156377082786e-03
1.431133924095764377e-02
5.640377216310854883e-03
-3.369718771078598213e-02
7.337722321558094903e-04
-1.977332011088949251e-03
1.493598296848573648e-01
4.897746714301516938e-03
2.160187980969403409e-03
1.975142597244680404e-03
3.105789630164531960e-03
-6.800377234634961444e-03
-3.450073516206365095e-03
6.627632605774060309e-04
1.337303495468521522e-02
1.586447706643694805e-02
1.696305996773782646e-02
-1.472089064898739370e-02
2.530168326805941857e-03
5.335013885626086784e-03
1.639773992498157543e-02
-1.051306468111842460e-02
-3.351062311465603794e-02
4.225913166431086447e-04
-3.261960645576589095e-03
4.281709749483528921e-03
-2.532960582527509202e-03
4.736885086449325703e-03
-4.474158361070319084e-02
-6.788282636210550558e-02
6.519543063065595320e-03
-6.391323424192665338e-03
-1.582455026707364765e-02
1.799430659549148062e-02
-3.607654848872908233e-03
-1.623707984684197249e-04
-9.211396350701629362e-03
4.006773558512289474e-02
1.624385386606132242e-02
8.629988076626638957e-03
7.413931744557607749e-03
8.960056281482926474e-03
-3.092841720626407151e-02
-4.617394441972952519e-03
1.065444495602615310e-02
1.776041259798672237e-02
-2.256846711906166508e-02
-1.992975508762357198e-02
-1.189912915381075194e-03
-3.124663485281608394e-02
-1.463522684080535534e-02
-9.217769009993886584e-03
-4.488381364633491424e-03
9.447045005862924130e-03
1.631360511938710969e-02
-8.577258800998735153e-03
5.128673574237869320e-03
-3.753220608514726969e-02
2.933890043606686166e-03
1.881068422002477513e-03
-9.108753037648362541e-03
-1.777499277959995391e-02
-1.705778010545662762e-02
-6.901857181677143772e-03
5.210706005823491707e-03
-1.659938386010687342e-02
-8.841482827823951215e-03
-1.414609436883837099e-02
4.038586895912057474e-03
-2.072468461315219151e-03
1.664747000755144590e-01
5.884879989376593651e-03
-1.336191877198534238e-02
5.233032810798293397e-03
-4.194261900876178686e-03
7.596249105332843806e-04
5.230913496370644469e-03
-6.127177921331778809e-04
1.318115299849926744e-02
1.232700100600318642e-02
-1.119216435377572497e-02
1.503506993702872531e-02
1.105677826933257335e-03
3.107157802575403636e-04
-2.034071856602256284e-02
-5.320371707641323097e-03
-2.342493874545817020e-02
1.278579712904485098e-02
-1.095649154579477098e-02
-1.440142054142627345e-02
6.912703716104344302e-03
-3.311837656457095914e-03
-3.810063355986623157e-02
-4.894628677463849081e-02
2.361209602075321854e-03
1.547783886483675674e-02
1.172106518956080902e-02
5.786547235072726086e-02
3.071638939730708413e-03
-2.425086049612380085e-02
-1.316612591004112827e-03
1.893780982535454155e-02
3.512846502487675191e-03
7.929929267354337077e-03
-7.567008544960693826e-03
-5.972951097421399722e-03
-5.375128195882015320e-02
-1.098958969754857719e-02
7.386950133320897491e-03
1.054541793921642389e-03
-6.095113211917276355e-03
-3.546661924461291110e-02
3.906492681073724452e-03
-1.764968061085496823e-02
-2.156576958970644105e-03
-1.634364984989076543e-03
1.389024237253779805e-02
-1.110733589689341314e-02
-3.472173808085246127e-03
3.093519848348752661e-03
4.194129936416004199e-03
-1.655727354393542183e-02
1.379034505325296006e-02
-1.391849090909115343e-02
-1.209992030686997573e-02
5.742168751181414565e-03
6.224172575139569688e-03
4.952931085474404291e-03
4.018324321690466133e-03
1.780624429000518668e-03
-3.115101302902608706e-03
-1.389084773263331123e-02
1.696690685851929073e-02
1.882663394705220983e-02
-1.440734190790415739e-03
-1.811157296398201914e-04
-1.145685415453760823e-03
-6.860628197499723082e-04
-3.882042657754132455e-03
-2.160516425301371723e-02
-1.068470181847496273e-02
7.018297838909539656e-03
1.063035818405847800e-02
1.215424876934618342e-03
2.350942372748331469e-02
2.690559907333047937e-02
-1.915755780862516246e-03
-5.009549035967508643e-05
1.342746867940014695e-02
1.052382219008982968e-02
1.001414439355308161e-02
-9.750629702805846746e-03
3.678782664478683247e-03
2.499166640495248393e-02
-1.546940302836494717e-02
2.024550223189401990e-02
-3.309025694322104312e-03
-3.555076345230947024e-03
-3.252802780045313535e-02
7.956648455917798499e-03
-7.757282353900997809e-03
8.357310853635304543e-03
-1.518748060623097661e-02
-7.033894305386277634e-04
-5.091213156652780623e-04
-5.583465254431987761e-03
1.989896632747667309e-03
-1.071807859993124164e-03
1.168160631057729547e-04
7.102746315132321122e-05
3.084979580569520777e-02
-3.508394151606699166e-03
1.310442770347463801e-02
-6.143046186382655934e-03
-6.043542662071475606e-03
-5.491432338837948235e-03
1.783353112989076797e-02
4.586225612870634127e-02
-2.182719823860181530e-03
-2.189729034695984814e-04
-1.061363895368964104e-02
6.225485768114118537e-03
-7.038213409164548792e-04
8.170199851937222759e-04
-5.346611729343792203e-03
7.111337092003454027e-03
-3.061865846498565066e-02
5.255965807970537293e-03
5.059140891688741239e-03
3.524644245113062180e-03
-5.140980256596991774e-03
3.396176312559618261e-03
-8.757655705275377853e-04
2.542135111782145920e-02
1.507658296842249177e-03
-1.418845607027948699e-03
-3.775170902238368219e-03
4.442835112551026672e-03
3.780991473325355078e-03
-7.061435317749813027e-03
-8.002260738481122362e-03
-6.148613945964973709e-03
1.402157096941779757e-04
-9.901936916707025898e-04
-6.044983536420325126e-03
9.425657134987297861e-03
4.193455360163635126e-02
6.317736589700963419e-03
6.789442887012999209e-03
8.997993052556721482e-04
-2.947524417639895301e-03
7.852766325478792095e-03
3.160479129634930634e-02
-1.378674807762634603e-02
1.279661091652235967e-02
1.054124539937961735e-02
-1.303077057385855757e-03
-6.792444079267040760e-03
-1.952471683054421078e-02
1.732663346968099172e-03
2.725896378512565957e-02
-9.436025720880887981e-04
8.920490479125646813e-03
-9.600671126858107210e-03
1.672591716200861126e-02
-5.177915879865229451e-04
-1.213617078607630642e-02
-6.748021810364179286e-03
-1.650721815625346561e-02
-9.641161642638152200e-04
-3.172797452290488512e-02
-3.853460150565114067e-02
3.489355496013460314e-03
5.007783598887336450e-03
7.385096690487297395e-03
1.017720139200340400e-02
-1.878570905254358650e-03
2.754010373262178856e-03
1.315528585402507208e-02
3.647972384233327640e-03
-1.581448573434686509e-03
2.905102753079172057e-04
-5.125609833808113421e-03
-9.851695009789601795e-05
1.217576432155393316e-02
1.475723704460552184e-02
1.207993884725004456e-02
5.658648686230108825e-03
-2.750488915162061648e-02
-9.125518996540306002e-03
5.895277577349107741e-03
3.657669799292875921e-03
-7.260375118921328849e-03
-4.050149453112513939e-03
1.145267309897516142e-02
-7.670506033268503950e-03
7.718169486136207229e-03
8.027493723307353160e-04
2.118705755724874847e-03
2.826904336341079429e-03
-9.347839856426894828e-03
7.231796406105929671e-03
2.091861297165453683e-03
-8.785837805143747580e-04
-9.255751510300105553e-03
3.785461020985636353e-03
-1.296007708013874500e-02
-2.233820355750100115e-02
1.677002742986171205e-02
6.788176978771895929e-03
2.816007564903091030e-03
1.688449366382724012e-02
-6.989093197427842345e-03
5.307627132080570097e-03
7.123270295410277959e-03
-2.144307667066252393e-02
4.342852013793544602e-02
1.037265066495897566e-02
-2.289682683864458033e-03
-2.243606986557095118e-03
-1.046713351817417890e-02
1.580923404142231536e-02
-8.261516101513601343e-03
-9.247932715094923928e-02
-6.430132766443715647e-03
-2.976948833362849742e-03
-8.317184286319091084e-04
-2.274490742136848608e-03
1.930607116115016023e-02
3.119976076180965008e-02
-1.261980428009290382e-02
5.970583455804776701e-02
-2.850968741594732750e-02
-1.176667873299483587e-02
-2.024691847103610859e-02
-2.751507245625653755e-03
-8.785072512094245153e-03
3.561453140798732930e-02
-8.572902705391535413e-03
-2.689225961504628989e-02
-2.881770419687948101e-02
1.480014304427659279e-02
-3.031830804701841301e-03
7.732328349216903429e-02
1.894630869261126893e-02
8.432252139588338608e-03
-1.020965741800841219e-03
-1.512664749535446579e-02
-3.538117831075923009e-02
-7.215593275817880001e-03
3.091217130125883950e-02
-3.550452514968769832e-03
4.428324840852019688e-05
-3.425343949077918650e-03
-3.244571899443346105e-03
-2.182350244347016147e-03
-2.311047192646505620e-03
-1.969774439797484112e-03
-9.418440128387898765e-04
7.428005437764892416e-02
4.624943017771197991e-03
4.686021674736538518e-04
1.556458356343115579e-02
-2.635918143754161468e-03
-7.705996172246417980e-04
9.333211552269116834e-03
-7.656829675178262670e-03
9.363455888682306475e-04
-9.333204722135121992e-03
3.379135489730740460e-02
3.099665264589818951e-03
-5.763851739941435771e-03
-5.928205738209716205e-03
-1.256626879608212710e-03
-2.723574075561614044e-02
8.083981852532971801e-03
-1.662124911245125864e-03
-1.337090734620221058e-02
-2.555689501081144857e-02
6.067913543298384879e-03
-5.454875227944738260e-03
-2.465722496845570294e-02
-5.421917856777060812e-03
4.198529971233320654e-03
6.120131573423740617e-02
7.505390747830830919e-03
2.448342053676464194e-02
1.786182311039374859e-02
-6.251542996045088285e-02
-1.575026218925344376e-02
-3.397564220865815360e-02
-1.674467342008264040e-02
4.153577415565280415e-03
-9.994264245008986289e-03
-9.725461590583463775e-04
3.316717371267489251e-02
-1.226986475035756058e-01
-4.759931329282104419e-03
-3.040230637649268233e-04
-2.209654446243962053e-03
2.322345946441382522e-02
3.833656776782990577e-02
1.220853019020501709e-02
-8.456568318062809408e-04
8.422458214660943909e-02
-1.302577346891291635e-02
-4.068281633590534185e-03
8.010647263364612317e-03
6.495579075873562230e-04
-7.220055250428721559e-03
6.532899016393434351e-03
-4.481875946196059446e-02
3.016542434214846248e-04
3.082717389693303764e-02
4.106138069684233532e-02
2.798931294253611222e-03
-6.676252323685342993e-02
-3.875769027540753447e-02
1.965354744678322798e-03
1.606676930870657057e-03
-2.367748572539373365e-03
2.158122531470204816e-03
9.155983432237706915e-03
-2.793985075794818470e-03
-1.382138169535106036e-02
-2.103885384517230339e-02
-1.526099785389912556e-03
-1.377406310869747769e-02
2.711887511056554345e-04
-7.510699090025518311e-03
6.899265641288551687e-04
4.403833060633635519e-05
-1.136361203504480206e-03
-2.100368553548537798e-01
-1.510891459606493181e-01
1.070685090698381831e-02
3.906186690232544417e-02
-2.365746740163751985e-02
6.797754580922243939e-03
1.426779895983945091e-02
-3.026938121472753929e-02
-5.693481309933246838e-03
-6.497544636893330672e-02
2.222957401828704743e-02
2.866260064271581361e-03
1.278001177282284649e-02
1.458873464641540982e-02
9.445335921102988169e-03
-2.238849529056992447e-03
1.210604733170369141e-03
2.558627054749068510e-03
-8.059574823460027501e-03
3.593314132285677868e-03
5.959247445590812493e-03
-8.588370404485408394e-03
-8.123860884191695664e-03
-3.357317778155270542e-03
5.125522346433244482e-03
1.143132389267723092e-02
1.373945586888049991e-02
4.835082535505294717e-03
1.708529961084561885e-02
1.700833830707083882e-02
5.661385908672692327e-03
-2.610034947322266864e-03
-1.043130794170523019e-02
-9.864483707466453755e-03
1.848513503311958062e-03
1.569383917388195724e-03
1.784651701273453836e-02
-1.331598924326308879e-02
-3.873420893098768691e-04
-1.962729735999893272e-03
9.326421164138115529e-04
-4.092304384578708890e-03
6.274943981711587904e-02
-5.901443505429977525e-03
1.382345867388439301e-02
1.982724303178302547e-02
5.938644358739596056e-03
4.354390818310282900e-03
5.086729842554791464e-03
-7.563485473686830428e-04
-1.897149763328540711e-02
1.281591076440785626e-02
-1.679139412403225437e-02
-2.123172628709176987e-02
-1.374981026444867423e-02
2.633845800821564553e-03
6.844680699554244949e-03
9.193934977840776410e-05
-1.991095021090097741e-02
-1.997993331391336932e-02
-2.010213760564990605e-03
-4.136576106151844574e-03
-8.182066907445866705e-03
-6.212244027185196381e-03
-2.662153990522352770e-02
-4.901853234397538991e-03
-1.108995846683949460e-02
-1.593030226173536550e-03
-1.989468842553202346e-02
7.678068244983039413e-04
-1.503163019108958061e-02
1.341196080807646827e-03
-7.227618882790214951e-03
2.775297626722748813e-04
-4.809586549011339585e-02
-9.475121861018570568e-02
-3.650939815032748070e-03
1.864282885587538073e-04
2.360035058959969109e-02
7.199791842066102267e-03
-2.837965155296369533e-03
-1.539584992911035167e-03
-3.732326244144809624e-02
-1.172751123592643586e-02
2.913610384216600707e-02
2.511061907941861647e-03
-1.019046891939684625e-02
3.694028920857747502e-03
1.170550593288673634e-03
1.960451651611824428e-02
1.933755087917187311e-03
-1.224413717687847236e-02
1.982460498444010583e-03
1.844794209602694524e-02
8.498740985376023252e-03
-1.223357294532598401e-02
5.264636721257656519e-04
5.340717129018890223e-03
9.266918419103360380e-03
9.691758608528212166e-03
-1.320806567947062533e-02
6.983925342583033595e-05
-1.869647204097273432e-02
1.129555828324261234e-02
4.150068374460751108e-02
1.235359914339797908e-02
1.750910340306987417e-02
1.160108740251245473e-03
2.493422326358590672e-03
-4.540941036504732124e-03
3.199124695894372313e-03
5.482772003199469675e-03
5.030887383295847004e-02
2.100951692357477980e-03
5.111892247676622959e-03
1.159130867835842437e-03
-2.049526768434765250e-02
-5.496038804389655891e-02
-5.172981414277324358e-03
2.305812954023354205e-02
1.331917855789728836e-02
4.455193361051899142e-02
5.652007642849593994e-04
2.102480069326161452e-03
-2.419897093584818561e-03
3.869704503711611445e-04
-2.431521392769369835e-02
-6.457902168736606892e-03
2.756197105918423151e-02
-8.831492791436930390e-02
-4.719701594181618595e-03
1.184721820886921323e-02
4.805621355557733454e-02
1.400901112606138012e-02
2.499554871056432464e-03
-1.650052136859624487e-03
5.708280685872813009e-03
-9.103963098154081940e-04
3.736048211300828565e-04
-4.450460177056984185e-02
1.296658593235369521e-02
1.433610451915393394e-02
-1.959837750876392611e-03
-1.284048952250217788e-03
3.595886281786273529e-03
1.646554787282340174e-03
2.152691781609246922e-03
-1.871497271840804276e-04
-6.624908443775567608e-04
1.172264886182318097e-02
-1.746945340229115115e-02
-3.827280784796738278e-02
9.797576963382311974e-03
1.580792082107457600e-02
-3.488218214944960316e-02
4.361391389971757543e-02
-3.141958257178418135e-03
-9.965106155414181141e-04
-7.231447981495873513e-03
-4.841609633721721991e-03
-4.510919226017732694e-03
-2.501235047486392513e-03
5.300651510991246686e-03
-5.058240756803479348e-04
-4.019273854088390580e-02
-3.802853916826693693e-03
-2.252151875059007005e-02
-3.263237607051130713e-03
-2.618953888132464006e-02
-1.097286244711605588e-02
-4.110167646418028987e-03
-8.629430618148203197e-03
-9.679785960592917488e-03
7.680775192589037528e-03
-2.955151512233466712e-02
-7.386548527623926913e-03
-1.603546117652968409e-02
7.072712393953197417e-03
-3.252202620215031720e-03
-1.220100735834371702e-01
-9.645581870559458149e-02
-7.784322485578231039e-03
-1.217068819861047424e-01
2.015458362843891463e-04
-1.887789792583368905e-03
-2.085916980276344632e-02
-8.534870895667064777e-03
-4.546030924856076655e-02
-1.415080544496130676e-03
1.157804576076430086e-02
-9.972701187859481925e-03
4.292714748348912777e-03
-1.907719218664532439e-03
-1.212971079581531310e-02
-8.951465423826823059e-03
2.602403305870640976e-02
1.170712233386976379e-02
4.519526932900868807e-03
-3.766691939531396915e-02
1.657861545531104375e-02
7.951832060853338685e-03
4.657629284879656259e-03
2.632248661330701886e-02
-1.230045203891615667e-02
-2.964365100585739793e-02
-2.047059011578408749e-03
5.899549535842424223e-05
-7.253331662172686489e-02
-4.407445695074658706e-03
2.464408418395457392e-02
2.797576111142451721e-02
2.357383931407002527e-03
-2.400797115515532123e-03
-5.032922174815436002e-03
-5.489031145178283576e-03
-6.251830178991710230e-02
-3.237218146940971236e-02
-7.964238039852352541e-03
-1.262358306185210333e-01
-1.829232471988582673e-02
1.734324777679096662e-03
-1.124350599216245939e-03
-5.231783065204612592e-04
-4.537415668426362375e-03
-5.165824970287100082e-03
-1.065148667752722177e-02
6.588194419583270380e-03
5.038069919297965930e-03
4.528507034688661857e-03
-2.596115352878787790e-03
-6.444429658980615518e-03
-2.491680237422425406e-02
2.264810793343119411e-03
-1.115181760818981412e-02
-4.433109813258447746e-02
4.017331410088214455e-02
-4.604411877284222965e-02
-4.418448285177704188e-02
-1.693003244496980170e-02
-9.056304155311592843e-03
5.642738644835954172e-03
6.091891923852551204e-03
-2.923036978913629794e-03
-2.997195104074412697e-02
-8.363180942587295982e-03
-1.830807651837053004e-02
4.113538765867524698e-03
-4.810853596463477051e-03
-7.915354089616524758e-02
-1.067358626947349232e-01
5.522721379770679714e-03
4.764423647639753207e-02
1.425388829444292071e-01
-3.365671977488628435e-03
1.499038937193768401e-03
5.717212762160755676e-03
-5.537315645142795728e-02
1.123202731185180339e-02
-6.090046580977167417e-03
-4.840241632329810999e-05
-3.552978131411152832e-03
-4.188440805004963602e-03
-2.283507979140711377e-03
3.309063954899033218e-03
-1.021024394642434767e-02
-6.407233340669268862e-02
-2.611915953791748082e-02
-3.102489466501644894e-02
2.021457594508995793e-03
2.518066947879515991e-04
-1.470942878633585589e-02
-1.440368105444399249e-01
-5.822450990290976153e-02
-3.413098841554342011e-02
-2.423215057554329189e-03
-9.425035796054069548e-02
5.149285107434464943e-03
5.923560342465336061e-03
-2.694320092989766283e-02
-2.742456783719890521e-03
3.411192327991761203e-04
-1.597390336363064644e-04
4.999252808491596624e-03
-4.197140411415951899e-02
-1.578215270164045128e-02
1.619905170218427851e-02
-7.099044375153711062e-02
-2.296197379829171843e-03
3.122606717634748060e-03
-2.872627683525540414e-03
-2.083753914296412272e-03
6.058351533632895698e-03
-3.160458970058730929e-03
-1.920793917117948751e-02
1.338305238812991828e-02
7.318025521657848566e-03
-5.892393595356092660e-03
-1.059879586667079529e-02
-2.462183386506463373e-02
-3.459377002058827005e-02
1.014928889723113771e-02
4.213735390618807836e-03
2.794727333132149619e-02
-6.278286537741147727e-03
-3.884910287972615037e-03
-1.098368066934947429e-01
1.520367851406208975e-02
5.948516083832543384e-03
-3.850868239904286019e-03
-1.649366727649438083e-03
-8.127157459423956648e-03
-5.479366561381362327e-02
-5.822883830029545321e-02
1.206600804313504895e-02
2.174596373882644023e-03
-7.136147679237691069e-03
-8.594696504636432921e-02
-4.066646385671211089e-02
1.184768155838799089e-02
-1.101267868803274125e-01
-3.062119562552296712e-03
1.064968698583651507e-02
4.060540914906926764e-03
-3.884391416806701192e-02
-2.000476012486225325e-03
-5.465888212574525166e-03
-3.299303518123428841e-02
1.370827175074973425e-02
-1.979421685153327174e-03
-5.148253350450872519e-03
-1.972315036318903272e-02
2.927738591315152267e-02
-8.688180235436156890e-03
5.820123699084998187e-03
6.697315932039063502e-02
1.824315939140036189e-02
4.052064426119638893e-03
-4.733249796886932446e-03
2.214583362730991600e-02
2.916531433177869254e-02
-1.806288867782488740e-03
3.631631114644526910e-04
1.085350251941518199e-02
-7.126387151254844239e-03
-1.066556058713235763e-02
1.761646377116768761e-02
5.552309417347301096e-04
-2.580074736483808310e-03
-3.951308987347228879e-03
1.573294987748053960e-03
-6.261110449094975036e-03
3.037813133626830839e-03
3.605549650796181262e-03
-1.577753924032854541e-02
-2.374502835210835425e-02
4.168311407001934824e-03
4.912046646062362236e-04
-1.003310514508961790e-03
1.220816248763374051e-02
-1.870204799386955595e-03
9.148636420701617561e-03
2.613990138986899484e-02
3.519344974876533437e-03
3.682231612724091736e-03
-1.302512466487834412e-02
-1.505387317133756106e-02
2.707503177459046756e-02
1.837933427469506248e-02
-2.894442598576947665e-03
2.239895577168627694e-01
4.483978477477668090e-03
-4.582492679893097887e-02
-3.021777235638326790e-03
1.857356516963144799e-02
1.121882735077260780e-02
3.593160121449297966e-04
-5.137995661534547863e-03
3.736197612396717233e-03
-1.232852927211417968e-02
2.535071932952802972e-03
-1.600465672271747519e-02
-4.633757685982677413e-03
-2.969890250463616196e-02
-2.039709160314303119e-02
7.594862671692764744e-04
5.379787493443677002e-03
1.293360546757131024e-01
4.470467409552749023e-03
6.755936212653334758e-03
2.906975416279820195e-04
-4.863577598323455542e-02
-1.315991081140895514e-03
9.905932348540683399e-03
-1.784851918632020251e-02
1.144308075499256717e-03
-2.462595127347361971e-03
7.667885895231604278e-03
9.415549212436392533e-04
2.072930943574720700e-02
-1.012165167244967966e-04
1.391762118376472547e-02
3.462600237993347825e-03
-1.175986580822011192e-02
7.145775594526210424e-04
-1.811804324460238036e-02
5.597006888301212825e-03
-4.920288053614318806e-03
-3.097547482969727900e-02
-1.140037707624741350e-03
2.650749971186777340e-02
7.444309397518756276e-03
1.612495823063827757e-02
5.260388981206245117e-03
3.493165022553539664e-03
2.920233858521548067e-03
2.943509460349057021e-03
-7.747825159480471215e-03
-2.161013120994989458e-03
-9.601925160697711084e-03
1.630167871123642588e-04
-3.446259865966448677e-02
-2.044958067945230537e-02
1.577136412728994677e-03
3.514410943662993163e-03
2.197202842219680811e-03
-1.084302684616388762e-02
1.753296478305648451e-03
1.022869109767507792e-02
2.555539083278011558e-03
3.207570908188835199e-03
-2.998796113035684732e-03
-2.741625799429758467e-02
-2.789712622432721431e-02
2.819301650585014432e-03
1.110953614244556548e-02
-1.766755418732860947e-02
3.880651267956648082e-02
-1.549595911264948535e-02
8.032742315369573172e-03
-1.306500267770030650e-02
-6.399676580748170016e-03
1.025579918719154299e-02
3.530645291498746806e-03
7.168635848515305786e-04
-1.012103038920479994e-02
-8.507156029594110241e-03
-6.059766688339916080e-02
-4.378730662445987770e-02
-7.755424336828427474e-03
1.333062969641137310e-02
2.321543399479331256e-03
-6.026834121350488349e-02
-1.034633065848141464e-01
-2.647880927145839641e-02
-2.872514820612406122e-02
3.082220326829832394e-03
-3.404010618780992786e-02
1.143423584662316833e-02
-3.695654554516857385e-03
-6.141755583021121442e-03
-3.959700918878470560e-02
1.951418909267886364e-03
1.274490667255956627e-04
6.431090722222559952e-03
-8.634668834892843953e-03
2.989819961393083009e-02
-8.680349196589766392e-02
-1.555375401071231248e-02
-3.674112636132208232e-02
5.372939981417289637e-03
3.666469055561228253e-03
1.202693162452793743e-02
7.786616253562245529e-03
-6.934465041225736093e-02
3.054202187612438824e-03
-3.356411183915321284e-02
-3.057505650252440380e-02
-5.878733817099437292e-03
-6.660258994174703129e-02
-2.230068534515522449e-02
6.365720847020126839e-03
-2.901988599585451586e-04
-5.901575114566018181e-03
1.509918948464038929e-03
-4.848995586603285085e-03
-1.211204188667445482e-02
-5.555717150442429295e-03
-4.363063814798727111e-03
-3.000587511379619599e-02
-2.356985929332508327e-03
1.945664922660465986e-03
6.917568388258307256e-03
-5.484412870250761352e-02
-5.729546347513790388e-04
1.994329203771239706e-02
-2.679433807542850460e-02
1.125967147890277222e-02
3.953119150211393401e-04
9.575431338261384748e-03
2.520426052295079641e-02
-1.228191291522389705e-01
-4.201047843426721634e-02
2.560947506778172428e-02
-1.210608183373622776e-01
-3.371751365417247331e-03
-2.179742084928360923e-03
-3.040900440308306769e-03
2.165366743980923561e-02
-3.636121426165088866e-03
4.389846598611992640e-03
9.733313454466596681e-03
1.191353372217934456e-02
1.352920286387783964e-02
1.986699464928799036e-02
1.223352087695838211e-02
5.919935715645671280e-04
1.181606057314818449e-03
1.983235868124105447e-03
2.217214241231771008e-02
-4.103124289130445916e-04
4.095852567372083863e-02
2.426943869041595613e-03
1.163952245971961764e-02
7.134688052646846225e-03
1.069449461986902473e-02
3.248714822728269308e-02
8.915991395335227943e-03
3.643444507279850961e-03
9.072673779312805109e-03
-1.992345627656715644e-05
6.458333140695526539e-03
6.162291503292686469e-03
4.680008123784215601e-02
5.816895595757049647e-02
1.740871648803072116e-02
1.707710600713543275e-02
8.477445663603601009e-03
2.113082578773471925e-03
1.436573816114911951e-02
3.439085389208113713e-02
1.826425042823371508e-02
1.823398506728018953e-02
1.383791867767688796e-02
-3.606961023763051097e-03
-1.260490853275919032e-01
6.229562508864801978e-03
9.904418654901908647e-03
1.857064317261948941e-02
1.316390331938366992e-02
2.139649902671850006e-03
7.960690733518384354e-04
-4.106478225131798940e-04
4.015365652191001632e-03
-3.249445819562502696e-02
-1.390851983522010428e-02
-5.584069663044011721e-03
-6.911257235180118252e-02
4.638364590972254495e-03
-7.086228709310707363e-03
2.392176400276774164e-03
1.283955464668577089e-03
3.924433398248041165e-04
-7.113434565857168829e-06
-2.484291379163924493e-02
5.484898708199170518e-03
4.153217090529604492e-03
3.104597066885547620e-03
3.758176188315565103e-02
-7.117298602590804713e-03
4.654467817185559825e-02
1.482837644783359561e-02
-1.163376235556677456e-02
9.922186904989001299e-02
-2.335025672027867503e-03
2.972066653327391523e-03
4.235669777504068138e-03
7.663279615898123572e-03
1.088263537993842782e-02
1.468165317205925380e-03
6.939920958497031341e-03
-3.241347795882538151e-03
1.444809660235673449e-02
5.147397532920380304e-03
-1.337418238803571996e-02
5.508510321599579531e-04
5.110582804297825188e-03
-8.078753622338653850e-03
-3.577350410562389615e-03
9.481214422482595744e-03
-5.817785327193321712e-03
-1.246681139993888708e-02
1.069232948923606527e-02
1.127115844921640700e-02
3.306347096638592373e-03
1.203560490774873218e-02
-7.761839332082922337e-03
1.033301543228060766e-03
-1.313428672760553594e-03
5.983407093662116566e-02
1.326027027634855580e-03
2.154458878501069787e-03
-8.714788704859848661e-03
8.368477449577511537e-03
1.097457008073278624e-02
5.986260626749508387e-03
1.416937229953143910e-02
-3.654477491138141600e-03
-1.526122887708524639e-02
2.832700281780667004e-02
1.347780529455852062e-02
1.094461191630093609e-02
4.722446446171357608e-03
-7.034792328745107307e-03
1.103338826378025186e-03
-2.637408353610368357e-03
1.228725501936878996e-02
-6.044179865440314249e-03
-1.081371374487132345e-02
-9.128033525422354910e-02
1.232207233200104113e-03
-4.570185734199367147e-03
-1.466044079230038660e-03
-3.484441882383976230e-03
3.779284413275933708e-04
1.696583180976994230e-03
-2.612464182518100132e-03
1.086533258754737242e-03
-6.966643738037038396e-03
9.435083198346594282e-04
1.444991889153670640e-02
-2.878978221998748296e-02
-7.715418638273034181e-03
3.271276906537075920e-03
-7.731436757193925133e-03
2.411226338157714671e-02
-1.551552562590520837e-02
-5.752493020102854944e-04
-1.022622655423349389e-02
1.267674679481791355e-04
-7.529054629276726515e-03
1.679185665679678793e-02
1.662515047450365338e-02
1.080919286747199053e-02
2.381403763533240792e-02
1.520062938530707813e-02
1.983590689113427438e-02
-6.497553537865648383e-04
5.985364636902231437e-03
-2.290542315343699689e-02
3.967013275227240440e-03
9.907324925812482572e-03
3.590681876642002452e-04
-1.429802966208076030e-02
-6.268277116483684727e-03
7.979381102328224687e-03
-7.017959137966776071e-04
-1.004688885954730868e-02
-4.626788315207124025e-02
1.310286571707781379e-02
-5.374618059711351592e-02
7.333240651710560935e-03
9.709827597862990753e-03
-6.778307269663020988e-03
1.164164772223655678e-02
4.921610283931228229e-03
-1.180602572127994153e-02
-2.683840268354474590e-02
7.023960550854433348e-03
3.879790090594699425e-02
5.654756196495889370e-03
-4.931030168898606347e-03
-4.115979640808316645e-03
-4.761746457969520457e-04
1.265748546248155783e-02
3.815806578736512852e-03
-8.864392104414442822e-03
1.623806695022894913e-03
-1.282752775354581258e-02
-1.396877055056278474e-02
1.267374234700651857e-03
-3.277551390119091187e-03
-2.051647146932493709e-03
2.838649409680498933e-02
-4.579999833857506877e-03
7.273924390940952889e-02
7.931395275647720733e-02
-4.119442105781841688e-03
-8.101877172667016486e-03
2.529989071473727827e-02
6.927228918353915167e-03
-1.194084447158762479e-03
-1.761063565722873056e-03
-9.532955893346573006e-03
-6.911544403769209408e-03
-4.261693669945697759e-04
1.028367797481569146e-02
5.786579828658779644e-03
-1.126964102769592579e-03
5.044907618245298006e-04
1.718410036057031048e-02
1.674633188764644912e-02
8.782965880247893889e-03
-4.968774333552384735e-04
-7.210273046103676982e-04
1.679784383478204678e-04
-1.224352544065411726e-02
-8.700510154045515768e-03
-3.021898690897817982e-03
1.650083493477409215e-03
-2.802899705432328626e-03
-7.046489897078554200e-03
4.184664652332708082e-03
-2.246555176293595784e-04
-6.377965086443837528e-02
1.583310939292098193e-02
-1.180636633818768315e-02
-2.666286286783211765e-02
-7.046920543104563846e-03
3.736818368834592813e-02
2.996513737320746686e-03
2.824680092190998311e-03
-2.779631747457317337e-02
-7.207868237575504496e-03
-1.347266191661781500e-02
3.105980016893684914e-02
2.276329494739883982e-02
-1.091606028881973809e-03
-1.348409358162361987e-02
-4.560928901362148319e-02
-1.105768026008524391e-01
-9.043671495489478962e-02
-1.136453357247827443e-02
-3.587593878632491123e-04
5.918723770032674643e-03
-1.691246030376754653e-02
1.768513941533076750e-03
-2.371333997835074064e-02
-7.693195678956182837e-03
-2.681362776940675926e-03
2.046125482546741481e-04
-1.070996750644962478e-03
-1.843237190653519708e-02
2.616260655969162695e-03
-2.781805582688458983e-02
-5.167888979336896556e-04
-3.363919783249028181e-04
-3.581090165997229623e-04
1.081263578075323389e-02
-1.193703859604633086e-02
-4.313760600239980453e-02
-2.554122903128425506e-02
-3.738017099110645201e-03
3.488787310572617761e-02
1.449880312742291878e-03
-9.830141514539623288e-03
3.605200587530686240e-03
-2.723810640861340504e-02
1.158109097915518450e-02
-1.062440173708255244e-03
-3.208199169882561264e-02
1.692063087344896494e-02
-9.747436517040462475e-03
1.515006049578709359e-02
-8.683423638285163448e-03
2.074330314483002671e-03
5.901625536308033977e-04
-1.222815613694335293e-02
-9.176538687440598079e-04
8.455913935540914500e-03
4.331212494502059696e-02
3.642893636460377976e-02
-1.017535127851116987e-02
-9.354921435486348788e-03
1.534013517228300857e-02
2.369286388652953098e-03
-7.635907582573633369e-03
-2.649469644611902267e-03
1.551837342170530980e-02
-4.646554281851779768e-04
-1.701352241766660237e-02
1.326183653785847558e-02
-3.787886380544389260e-03
-1.405062422736537940e-02
-7.648530016439355475e-04
6.836481701713714850e-04
9.240463882618321721e-04
1.372146111477555615e-02
-3.414546424169157663e-04
-7.818473239462990498e-02
-9.011317623141600411e-03
-3.177338407117105256e-03
-3.487889635806673896e-03
-9.719060007985934682e-03
2.241148006729960004e-03
1.482248613803456875e-03
7.095838303553036802e-04
-3.219716158584237826e-03
-1.990477670534349010e-03
7.226435665310399891e-04
-4.323670408154080963e-02
7.016298819617043311e-03
-5.657121067186625602e-04
-5.488064920391139828e-02
-6.775188097973216909e-03
2.638381281640385032e-03
-4.692291760905231528e-03
1.237216369050109016e-03
-2.884888122645823047e-02
-8.682794685743306512e-03
-8.190589029924809014e-03
2.873678489045667153e-02
1.272615746561230922e-02
-8.097453167443221730e-03
-1.960896387514933850e-02
-3.135939598185895349e-02
-3.848074839756322058e-02
-5.136586384494210011e-02
-1.681241924538469639e-03
-5.413541090875614858e-02
5.068991957134344993e-03
-9.244259000138405676e-04
1.366291981889736782e-03
3.466940388250424492e-04
1.062767587149800012e-02
3.774448818467069310e-04
6.861126245012591973e-04
-1.676824173277192964e-02
-1.841372682392751221e-03
1.021149155128589156e-02
3.118393809087303460e-04
-6.083092388596582877e-03
-2.234054415823871417e-02
1.708012796117103519e-03
-8.821190967766649738e-02
-4.687565632481920878e-04
1.255451865980148317e-02
2.354554307119144027e-02
-1.435855895008913757e-03
3.187050212254615225e-03
-7.249450012746006672e-03
6.603227679612137975e-04
-2.770923885011996810e-02
-4.870407835469185015e-02
-1.022221788391159403e-01
2.369475388564862370e-03
-1.595115603690339390e-01
1.935906342031286018e-02
1.151447030267792153e-02
-1.851410399804392232e-02
8.267327157682000528e-05
5.171634722739824191e-03
9.593731324564536145e-03
2.317781015218824126e-02
2.062267533206657653e-03
-2.008193905258302478e-02
-1.855232637177288077e-02
-1.633681162804841713e-01
1.219027227925279910e-03
1.594290775965519907e-02
1.154749980781117209e-04
-5.677993433401528744e-04
1.741184129494655411e-02
3.026134718130203335e-02
4.141820249692633460e-02
3.560713244018180734e-02
4.163939449959970724e-04
3.533224670789578137e-03
1.864737462663050333e-04
7.215130741538723809e-03
1.113951001342162843e-02
-1.643784961244786156e-03
-4.639410914791290003e-02
5.853346052442606404e-03
-4.825550997121985848e-04
-3.162971847475448857e-03
-9.344265271781301493e-03
4.599565259229557645e-04
7.707952681986805256e-03
6.315207623398848800e-03
1.280601211005666373e-02
9.736650241052352897e-03
6.957190328436294252e-04
7.287684274004659025e-04
-1.625046479551032694e-02
1.437914399393280633e-02
-1.221657914814508056e-01
9.265119192271116175e-03
1.876917345678372076e-03
1.837655217020140938e-02
1.251859043190662463e-02
6.280675248786933215e-03
1.013225837539370559e-02
-1.627890145870362557e-02
-1.340176683160202234e-02
-4.785121495676732985e-03
5.843992300420070224e-04
-1.278318744022230447e-02
1.463239103648912749e-02
2.351911549426082687e-02
-1.921202757773970982e-02
-1.962249939574059118e-02
-5.138704398095939908e-03
5.466960702298922885e-03
-1.985279378160643537e-04
2.420755676253207381e-02
-3.867366066617683278e-03
6.779485069224106507e-03
-1.313265884994513691e-04
2.796966790326509220e-04
-2.778788963042907057e-03
1.200447805920493508e-02
-3.718062366608803921e-03
-3.399385947810139828e-03
-1.591693201470305297e-02
-7.509337469626791058e-03
1.268680932169756210e-03
3.049700462164996184e-03
-3.853455387748980047e-03
-1.298071109128603150e-02
1.177824052142347790e-03
-2.429175886505486812e-02
1.044940766636598233e-02
6.589410510040934373e-03
-3.191678233042781129e-03
6.107357133381078208e-04
2.296492597921163503e-04
7.327763995306373936e-03
-1.138528078686647585e-02
-1.414107824651049221e-02
-1.292658120419125090e-01
-2.781062785562971387e-02
-1.735141491395314137e-02
7.480818181052970983e-04
-9.150012183461797089e-04
6.248936562005959856e-04
-5.985083644003369278e-03
-1.128011335315006608e-02
-7.525047440500781670e-03
4.605415603581541895e-02
2.279899421169528581e-02
-5.242921717924516056e-02
-1.001215894312274673e-02
4.703204167227849515e-03
-2.757735000637564528e-03
-2.537016076967116393e-04
4.339359070507931297e-04
-1.575091349591723963e-02
-1.114820254858902432e-02
2.073492302020812569e-03
-3.241562543215938726e-03
-2.240829717859187629e-03
4.766671500829299142e-03
1.548165210060918747e-03
1.117812579371917255e-02
1.367285229752690685e-02
-1.183919416405106520e-02
3.481514039433355242e-03
-3.379836698289324579e-03
-2.247855244817313441e-04
-2.854625235188171413e-03
-2.670927597555176371e-03
5.771357008253734898e-03
4.453229993672855325e-03
-8.160619864373762702e-03
-1.754561148254899861e-03
6.577657193244016917e-03
-4.752181899645647328e-02
1.631378461323601189e-02
-4.742545964306655454e-02
-1.222502106947474104e-02
-1.390995991014302643e-02
-6.779296061488152003e-02
-7.788778047278369261e-03
9.925010675550221401e-04
-2.107961181307308352e-03
-1.911961132250620393e-03
-9.589040321137616563e-03
1.806975177254670911e-02
1.703154042922857409e-02
-1.531933054632785354e-02
-3.198852300103503798e-02
-4.258211712143965266e-02
-8.048906349998645460e-02
-3.950083785767233985e-02
-5.235885718542012367e-03
-4.781981933733894276e-03
1.114447397178630096e-02
-2.111568681804232989e-02
-2.735005039325398828e-03
-1.571277662832957014e-02
-2.742693867783793649e-03
1.249357878574107548e-03
-2.560902378809066463e-03
-6.501625221461201400e-03
-1.600947869870873036e-02
2.845747141204725463e-03
-1.205189733716114861e-02
-1.935151666746864939e-03
-5.154645639671421101e-03
1.837681088964204139e-03
9.071954106830724951e-03
3.000722578540584735e-03
5.655896660954120095e-03
-2.025955878648679626e-02
8.893822620308996021e-03
-9.098342376093167608e-03
4.907527628185027503e-03
-2.498587445707047255e-04
1.340650173514658025e-02
-8.552735061255771834e-03
-6.102150538188658331e-03
-1.255902243595673380e-02
-1.643964603693768428e-02
-5.114026356235010923e-03
3.307680267107581187e-03
2.063340452994245726e-03
1.792088641151513503e-04
-1.071864369226825306e-02
-3.138793991442138942e-02
-6.679957152140694396e-03
6.578698973709788157e-03
1.426459344346214450e-02
-2.423740972566536256e-02
-1.885315207877242757e-02
-3.029987638655919774e-02
-6.116248522477063694e-03
8.462095500791320946e-04
-2.856208871787376501e-03
-4.579573499645409745e-02
-1.536510431304107666e-02
-1.160967125613162655e-02
-9.155552157017970635e-03
-9.108747172129586997e-03
-5.896847836039962665e-05
5.293794642665705479e-03
4.665039123543347158e-04
-2.955233788442391488e-03
-2.265006972362087340e-02
5.817135415290716717e-04
2.729523859970090557e-03
2.831132353007792361e-03
1.839348129495347206e-04
3.425675585252624129e-03
6.355350596690998756e-03
-1.686713953717889659e-03
1.136852681444463619e-03
-3.161033203882561600e-03
-6.644501084586568738e-05
2.991007114663528626e-03
-4.017471937366468709e-02
-2.500136534498204055e-02
-3.030794381427283704e-03
2.051584130465627931e-02
-2.839545963456070309e-03
-4.953724207136417671e-04
-1.383257084702201392e-02
-2.086719505094212449e-03
7.575191471314881436e-03
1.352975153728103999e-03
-7.240993336346988711e-03
-8.295621379833861830e-03
-8.420097595545178795e-03
-1.817239767943630221e-02
-3.371013552426490451e-02
-2.731719152373981649e-02
-4.789522169185920532e-03
-1.873403902828304698e-02
-7.721635978750565101e-03
-2.529043910378565851e-02
3.215755750703571617e-04
-1.291023027448525741e-02
-2.822195963617865275e-02
9.639836297357241412e-04
2.807543797773480107e-03
-1.991381554053487865e-02
-3.292322148834595560e-03
-2.939286568332754104e-02
7.835073714541000277e-04
9.360939309407385542e-03
3.033539728093286644e-03
-2.275306442224265396e-02
-1.906540830839935710e-02
-3.999911639289253917e-02
-4.778927699809139111e-03
-3.619975647610817939e-03
6.079423418438129230e-03
1.343447108638914055e-03
5.069657953636758953e-03
-4.835281962936356821e-03
-1.393401878818101248e-03
-3.300433042742524636e-02
4.448160038976831793e-03
-3.830326180220537278e-04
-2.370573516848266502e-04
-1.507176516443558265e-04
-9.065691640960172378e-04
3.019768127701654304e-03
-3.432779352585731397e-03
-6.088824886837559123e-05
2.875456099529258725e-03
1.498841612164685498e-02
6.196416176902840196e-03
-3.869739532499216761e-02
2.829788251046042426e-04
9.011550649167816840e-03
-1.028174171640252764e-03
-4.518864964002593070e-03
-9.018570109493478579e-03
4.004398614087400013e-03
-4.785814747055999741e-04
4.261011315447453193e-03
1.521258524058202808e-03
-3.413508984347399591e-03
2.896872897822331660e-03
1.499438022398167812e-03
-7.354566565378977891e-03
-8.147394472988699066e-04
1.891594962221590081e-03
-8.268143636907649384e-04
-8.875365099293571706e-04
-7.679209068637933219e-03
-2.926544034863442102e-03
-1.638455568341323039e-03
-7.993014828992266868e-03
1.923146727255097346e-02
-2.865498333841327589e-03
-6.036263455038931927e-03
4.368924128030093629e-04
-1.578691158859447247e-02
-5.806622623367481417e-02
-5.845278724485468771e-03
-4.317347882059752520e-03
8.422592107423243490e-03
3.553816548005748425e-03
-2.464352083383147991e-03
-3.169990204232395452e-03
8.855669094649578146e-03
1.808785165362333238e-03
5.213814389305459172e-03
-5.523378551911379414e-02
-1.171538505757622334e-01
-1.366239288182029832e-01
-7.536346224284772022e-02
-1.232312025161358231e-02
-1.055228111586393623e-03
7.818558434553625480e-03
-6.898308259005462607e-03
-5.906023824444046715e-03
2.370861005424194663e-03
-6.098861653300940815e-03
-2.464260112124418926e-03
5.278304645941423769e-03
-2.252444634588933806e-02
-7.986719537917158929e-04
-1.870531563104156289e-02
-7.026513273032798483e-04
1.095799047659960258e-02
1.330125545473427205e-03
-6.660184520397022245e-02
-4.090084403580132588e-02
-1.341079960570404003e-02
1.237115381405435623e-02
-1.999028573123098809e-03
2.009224569926703913e-03
5.248378507200565993e-03
-7.736314883486837502e-04
-1.680398839041358575e-02
-7.499188288346444325e-03
-1.084017118682915198e-02
-6.219918267904717829e-02
3.138826250049975026e-03
1.223994156830098684e-02
3.350862532474785209e-03
1.953118843818637141e-03
1.654726686426581401e-03
-2.812727426091654582e-04
1.642325550149998726e-03
3.848393757748354294e-02
9.695885297365829450e-03
2.303017643002249967e-02
-6.746486217123519313e-02
-6.899712137168721379e-03
1.076091863216386592e-02
-3.451240143036357882e-03
9.012700033547742934e-03
1.050819643501468403e-03
8.694903048822223311e-04
1.790792164410971721e-02
-7.508040057040001741e-03
2.601132632694796998e-02
1.685646525517685984e-02
2.022163828436383728e-03
3.473680171330134365e-03
-3.624476430241396503e-03
2.816419337017007744e-03
6.460885004191171260e-03
3.209826752675266903e-02
4.006318527109919113e-03
2.873159398885402702e-03
-4.107152707563677986e-03
3.720160619543267950e-03
3.061902538976611496e-05
2.488816472824692625e-03
8.233411869640903935e-03
1.173173585940033049e-03
3.864697831381189858e-04
2.534741900007538191e-03
-7.435425646513232553e-03
-7.188954457819746527e-03
5.418139618625137863e-03
-6.194358867236578192e-04
4.825425975700481374e-02
1.055844957732579407e-02
5.817293836260090112e-03
1.863209605544074304e-02
1.089877029208872680e-02
6.638515367265732797e-03
2.384229356246556769e-02
-1.586607668325777654e-02
-2.245082387511305663e-02
9.027529721168495863e-03
-3.051411501214812763e-02
2.180551486775192827e-03
-2.764414726074341470e-03
1.893546390453202614e-03
1.864288630914669176e-02
9.160705302125404445e-03
-3.003874892068799166e-03
1.797694216299921405e-02
-1.160282020548732097e-03
-2.717769722009761527e-03
1.281588418709364748e-02
-7.014076037383618501e-04
-6.433096128349905483e-03
-3.434425628412736517e-04
-7.845421708344815087e-03
-4.099220102692935526e-03
-5.648362691156842696e-02
1.643168580901618533e-02
-1.971795265743606518e-03
1.388622679848891973e-03
-4.402079505847180697e-03
-1.536527949638904524e-02
-5.159107418799271753e-03
-3.564616314684425271e-03
1.283844279718833123e-02
-8.227013332555248998e-03
-9.709645832290841536e-03
1.094282393821390843e-02
-1.457740537367845784e-02
-1.901838558668392243e-03
5.870416257716328141e-03
-8.988408098891613462e-03
8.569262046130612367e-04
-3.097282692815086797e-03
-1.135573638781487218e-02
1.477976387666925413e-02
-1.284996715015684085e-03
-1.427800948998804269e-02
-7.327791146052402109e-03
-5.600071031370763147e-02
-2.556402129739442433e-02
-1.406543734074212557e-02
-9.425638678119329858e-03
-8.799007578498751689e-03
2.613509078226377170e-03
-2.269338386091798027e-02
4.390379135148146823e-03
-3.547466078597630301e-02
-4.615502457887748176e-03
-6.723839590422220347e-03
1.180120010591776585e-03
-2.712746300381444365e-03
-8.065209107863771133e-04
-5.310419051499846305e-03
2.597531390090256249e-03
-4.703259072717576750e-04
5.642506552970795930e-04
-8.828243254982684647e-04
-4.649586035974501846e-03
-4.389276926844306280e-03
-4.282414575602448421e-04
-9.482297404871753085e-03
-6.073558608359948957e-03
-1.793410245662105948e-03
2.119139652547639280e-02
-8.189873708346652459e-02
1.511386261068115890e-02
8.948892575000766576e-04
-2.913288545634399110e-02
-2.155597395568010707e-02
-4.038089122312375420e-03
3.756187338987563955e-03
8.528851157874262762e-03
-5.885284892289976456e-03
-1.371608799117344200e-02
-9.826598157554185600e-03
-4.920175730403851533e-02
-5.270332395801450610e-03
1.781532204602111549e-02
2.781261420659327075e-04
8.346393633275172447e-03
2.730482806336794865e-03
-1.695812856944265562e-02
6.858466925234235276e-03
-1.087319816338915349e-02
-8.916392413951697987e-03
1.013097768820810270e-02
4.545511459312099982e-03
-1.918867748824785308e-02
-7.570148341541859532e-03
-9.392715911746517959e-03
2.618125315999794700e-04
5.238919779469582497e-03
-2.394634727958321312e-03
-8.986292932019405988e-02
-3.212470549211535881e-02
-3.198817147427358148e-02
1.759392993738831054e-02
8.323397169070566315e-03
-6.464769760097246847e-03
-1.247497754655839571e-02
3.949452200272316957e-03
-1.306758293030542764e-02
-4.479205896484372840e-02
-3.236973680186702729e-02
-2.661351801982629606e-02
-9.586678165709631300e-03
1.420792551456804415e-03
6.773408448945375526e-03
5.917905726458806085e-04
-9.516821611198207458e-04
-2.660352701623798933e-03
4.714158729614619132e-03
-1.404431071025468054e-02
-4.023592387187658660e-04
-1.216535369905312643e-02
-9.989961742539139877e-02
-3.643782882251432598e-02
7.534131009997811074e-03
-4.654883614756470840e-03
-3.649769864431317949e-03
-2.182603074072233564e-03
-1.720332501252567342e-02
-2.011608906519968265e-02
-1.562127910816461102e-02
-9.917365329995911707e-03
3.254505966281554755e-03
-1.087996748783560085e-02
-9.275103782838256929e-04
4.409763122710005923e-03
-2.815614249591930161e-03
-1.918904466937306668e-03
3.621664017123393114e-02
1.978147122024662922e-03
-3.266831615994342762e-03
-3.019858013400525312e-04
-1.224939405245528733e-03
-4.896964150439786674e-03
3.834862986050725960e-03
-4.671149867941685845e-03
-3.645068642001299784e-03
1.598358823997419152e-03
-1.700535729643292207e-02
-3.092060495435345127e-02
1.209256431377658467e-02
-3.317592255664698463e-03
7.874209726710077600e-03
-2.680297821192694462e-03
-2.780393415717469490e-03
-2.155130094853445477e-02
2.490703673692570841e-03
-1.936305309063523833e-03
-2.531901948492907509e-03
-4.132797731095823324e-02
-1.866482828424494145e-02
7.960843680044750112e-03
2.854761054454196291e-03
7.400985929683134845e-03
3.073148292859712374e-02
1.082092931763577702e-02
2.412789888666071539e-03
-4.684275336971678756e-03
1.154135332156303387e-02
-5.812848689101319209e-03
4.913549125662760274e-03
3.619972845218028326e-03
2.942687521972856338e-02
-7.701301024091594845e-03
1.067924935563319160e-04
-1.978814956385558169e-03
-1.373676444475750540e-02
-1.528910748196000838e-04
-3.977774678829029686e-02
1.310028408299693291e-03
-3.493511061791650801e-02
1.920877914757725471e-02
5.185074752778445935e-03
-1.008363331497298503e-02
-1.643873074296903604e-03
-5.994113784645570682e-05
-1.243295007053239233e-02
-1.982665193130421846e-02
-2.556858095846917603e-02
-1.171366752167940853e-02
-1.936006422901287785e-02
9.213209042204505497e-03
2.466826808899288785e-03
-7.185140075025843627e-03
-1.925748609265423615e-03
-3.014177354451344406e-03
6.802498352230268094e-03
7.448408570595327176e-03
-1.997649321000792566e-02
-6.421455742259768798e-03
2.711145432227879664e-03
-5.428208109512568796e-02
-1.841401382587139895e-02
-9.543668720004565460e-04
-2.590647512054064039e-04
-8.943709806529954575e-04
-8.057531893182132143e-03
8.557948668969705269e-03
-3.169028186082255456e-03
6.197026070844326509e-03
-1.914761954147833347e-04
9.081295211458074220e-04
-9.954850903986216942e-03
3.087486815349856605e-03
-1.477284599370692333e-03
-2.602998911476462913e-03
-9.556208928157046293e-04
8.357175620965012156e-04
1.244475437823740031e-03
5.765161435354628633e-03
2.635449150317208545e-03
2.025136692469924581e-03
-3.587676778095628873e-04
-2.399365617293352810e-03
5.107698561658840890e-03
-6.906972270888070420e-02
-1.303683541105607122e-02
1.344051048024824755e-03
-2.096473588837602722e-02
4.345322629528631034e-03
1.172522957066456746e-03
-5.277442301100487669e-03
-1.645646745754087217e-02
8.297591688565214389e-04
-6.077015898663081298e-03
-9.441630613384963122e-02
-5.002158487611216980e-02
-6.200341678564216114e-02
-1.578659722312285643e-02
-9.564571456531122812e-03
-1.440451221469813206e-02
-1.591471433278811645e-02
-2.799238099701146110e-03
3.350352350202552847e-04
8.467188548178567267e-03
1.014292663960224446e-03
-2.267720974536901243e-03
-3.036663623154793384e-04
-2.775453464262743475e-02
3.926803651727270653e-03
1.200358704861777346e-03
-1.482775653813977329e-02
-1.266723175665744085e-03
-6.738601861091163096e-03
-3.446977502455082255e-03
7.044376526373865265e-03
-2.386853996450016835e-02
2.865541113020231723e-03
2.634071901590157982e-03
-4.305698997492761297e-03
-3.257144120173784563e-03
-6.611809004615118793e-03
-4.867337856753485223e-03
-1.703957740195695056e-02
-7.588357284396551713e-06
1.789959928821245648e-03
1.389978308733579981e-03
-9.287305042397208180e-03
3.176751595050430164e-03
-3.007370647142996404e-03
-4.417298819979826284e-03
-4.147757365868946430e-03
-1.207495434647851834e-02
-1.431376511534536780e-02
-3.931628756983999301e-02
-9.452320014568121181e-03
-5.647183035933573889e-03
-8.508978861887620676e-03
-1.864275695496836124e-02
-1.604167786528501796e-02
-2.769439619323312701e-02
-6.297393801266681565e-03
1.243353338593367399e-02
-1.036771932317306043e-02
-9.413101467987326732e-04
-6.646221140532793635e-03
-3.362303582302529625e-03
1.124787887274696432e-02
6.130423462314445703e-03
-4.515161035329448092e-04
-3.275029453756228386e-03
-8.066490197028678907e-03
2.408098794002553819e-03
-2.887777067646905447e-04
-5.832728236591134402e-03
-2.818596667903348549e-03
-2.721878827334781471e-03
1.069524848178259220e-02
-2.923407463032053066e-02
1.442923596850993230e-02
6.558619507780310762e-03
-1.086448339110600335e-03
2.868496028577444991e-03
-2.236010963564447063e-03
-1.566119989188756445e-02
1.482848658924482404e-03
1.742995623516797443e-03
-9.004452795090833045e-03
8.816774402661058455e-03
4.409094504101058326e-03
-4.079706377298607071e-03
2.633766191014299055e-03
3.936194796283113730e-03
1.680006043827593845e-02
-1.572608553139984849e-03
-1.710993870366356198e-04
-4.560929040820104266e-03
-5.493108303004215487e-03
1.028170104912822479e-03
1.647873367837134452e-03
5.129057452554313702e-03
5.193003363457709964e-03
-1.098084554612441298e-03
7.480355463578935819e-03
2.789102504726905570e-03
-1.847336134981703362e-02
5.414648803784132556e-04
-3.741043035189964110e-03
-2.352764539392616580e-02
-3.348310129979309717e-04
1.815207313935006395e-02
-3.922103320524632578e-03
-6.320639680164060782e-03
-8.416904018711098218e-04
-1.256515630350642058e-03
-4.813599313039359194e-03
4.406531248462573422e-03
2.786014702694453258e-03
-7.455853693418721881e-03
7.915133547707671078e-04
1.814587318687479068e-03
-6.635465195705370859e-04
1.264014181578586521e-03
-4.306653486044776172e-03
3.268539797066690854e-03
-1.096448206131849954e-03
-3.574227285003500317e-04
4.370359979733007272e-03
-3.623065639363698886e-04
-1.117490505303185729e-02
-1.411043178355390719e-02
-1.852791199130528546e-02
-7.658138284359276675e-03
-2.440462853870985216e-02
-1.469566255444409476e-02
-4.722137511695487905e-04
-1.332840695335828739e-02
-8.255811002915823885e-03
1.941852677556811372e-04
-3.332745902090422240e-04
2.079263602718513584e-03
-2.137737041259071911e-03
-4.634395593213631349e-03
-3.742323555096823198e-03
-1.822118163876790611e-02
-8.255496242058580833e-03
-3.998887168626263575e-03
1.868891656826812339e-02
9.914569004939690830e-03
1.909316911669306505e-02
2.451082179348648606e-03
-1.629522072612325442e-02
-1.215197725107652416e-03
6.453651939192131537e-03
5.260107114972435195e-03
2.043700483525507684e-03
4.444592359674381238e-03
8.389173198514862304e-03
8.946251842299029686e-03
2.298839064044450790e-04
7.060896707215485492e-03
9.847979702451489098e-03
-2.852856196184938055e-03
2.021761227372128114e-02
-3.003435591155401152e-03
-1.118896667112556295e-02
-6.753541679568075481e-03
4.457838853827722492e-03
-1.006936660376372625e-02
7.521904228932317811e-03
3.846543726869097474e-03
3.887918045335345043e-03
