5.116864827400638305e+00
3.989782915001961250e+00
-1.295786916435600622e+00
-5.125968033781567179e-01
5.293893498795505970e+00
3.939895719117648021e+00
5.690100893936663518e+00
1.336683424935767084e+00
7.306054421102005314e+00
-1.788134939332155948e+00
2.685383942956499070e-01
2.760618281172246835e+00
3.069197605245994609e+00
9.914396455814205922e+00
1.381241282380475077e+01
1.719069588126192016e+01
2.660389937030355201e-01
-4.357196185950285572e-01
2.038652037805563921e+00
-6.115377032272050206e-01
3.886425451488392468e+00
2.815810675678552588e+00
2.106888040502029824e+00
4.158729043080205301e+00
3.226626898036778712e+00
5.334415307265845119e-01
7.839049497316515236e+00
9.563438020094444658e-01
1.257555143529355546e-01
3.301468174706821745e+00
3.758447830580109006e+00
-2.046970877553445228e-02
-1.022919055725028947e+00
1.554003037277959187e+00
4.530884525627027593e+00
-3.292039351920845736e-01
4.852478772238499438e+00
9.320120425370523876e+00
3.483479162917689997e+00
2.156398626663259321e+00
-8.097593714110008500e-01
1.445520610741289458e+00
-3.084427445108885446e-01
-4.955460758867884230e-02
9.695440054862465296e-01
3.190697300590964236e+00
-2.994267905888369441e+00
6.335491548089756897e+00
8.948718107133178279e+00
9.338320161888040261e+00
-1.145387507079737466e+00
4.363735891571905334e+00
3.830689011123325827e+00
1.725379356138951437e+00
1.302605212360489484e-01
8.897145510598583940e+00
6.200878803415004192e+00
-4.600116668056263292e-01
3.107064574714541116e+00
7.305646997570580670e-01
-3.072636119109318220e-01
8.855130365694391381e-01
-1.629863427854684743e-01
3.560743881786993525e-01
8.012387537528762316e-01
1.091024927124345512e+00
4.547566178786930813e+00
9.281230485326471324e+00
3.775172842149534080e+00
-8.859860219208293142e-01
2.066389753571303167e+00
-6.122298899944980111e-01
-7.496643450022278943e-01
1.167633481066739698e+01
4.428797820041120659e+00
-1.122780726906103643e+00
-4.518950258051274704e-01
1.590570058813288279e+00
-2.276714268077474568e+00
2.032736465831922745e-01
1.409070144285306414e+00
1.933896317157637545e+00
7.181623665498861053e-02
1.179183206311204879e+00
-2.483330370338107773e+00
3.806787189890536438e-01
3.248557250314695111e+00
2.657650426636755547e+00
2.488866613280161566e+00
3.676943134097813370e+00
-9.849706330955132483e-01
-3.142889762774390139e+00
1.274276165382297821e+00
-1.111876051938137211e+00
-3.106126022758362026e+00
1.281135939656095957e+00
-3.616674130837730372e-01
-3.754308712980351515e-01
-7.508112935605616434e-01
2.073796021760154318e+00
6.703140647914217487e-01
-1.252508364459313794e+00
2.214372226297229296e-01
3.166569644730037880e-01
-8.588601388347921750e-01
1.598772152309999139e+00
-1.964813050417280271e+00
1.128735233059950271e+00
6.109604249220584871e-01
2.807182352216615939e+00
5.073589592829951256e-01
1.469879560908061933e+00
1.287632944983618521e-01
4.604657713858695267e+00
1.818226895023752343e+00
-1.559860644347062397e+00
-3.637695259117476043e-01
-2.959554425382916465e-01
-2.357252176435577218e-02
5.181233093755801100e+00
-6.202471928663444434e-01
1.304937151452985056e+00
3.320456757524371527e-01
2.227090879407533919e+00
-1.150413516162998251e+00
-8.014752215023924764e-01
-1.734631583022800294e+00
3.697384038251105842e+00
-6.369954565359314813e-01
8.962363708945040308e-01
-1.229648788205484733e+00
-2.575375578856047287e+00
-7.670255026392005515e-01
6.504592195922352937e-01
-1.433556936029758699e-01
4.034423876946787169e-01
5.624193274163856948e+00
3.128927307393600254e-01
1.720166978760999041e-02
6.878918256307758883e-01
-1.115327126568931071e+00
-3.165527006218038682e-03
2.211017563336177716e+01
-1.381406233508033266e+00
1.186899521440207828e+01
-2.230776984294597365e-01
2.051818030791681480e+01
1.804038972587529877e+00
5.162197026008488177e-01
-4.149589210584465615e-01
1.529109050302866590e+00
-2.410680844759801114e-02
-6.608980654891510875e-01
-3.627216041493835363e-01
1.101165327804796285e-01
9.486699579502154700e-01
-7.182722324910272294e-01
-2.258454539080137491e-01
-1.071152184120459372e-01
-1.060659105698523869e-01
1.530354481891508800e-01
-1.158618841144124056e+00
-3.622368797450609135e-01
2.165709120629360829e+00
-2.323513052137262669e+00
-1.021712142091037334e+00
4.842018958062988543e-01
-3.534362527859649661e-01
-1.052545625001984231e+00
3.080801809782007350e+00
2.898957127918980525e+00
-1.244073225627940982e+00
-5.739894313366202816e-01
-1.103132737186582890e+00
-2.213700675715251087e+00
-1.564274612122576125e+00
3.902889041493189382e+00
1.792475058577726932e+00
2.193170372046817196e+00
2.077399194257795845e+00
2.333393948075269952e-01
5.950979335072265064e-01
1.446236019133686934e+00
-1.811720445244930477e+00
4.715657726986083098e+00
4.466420525363527183e+00
-1.119926511897661792e+00
-2.124279765614943694e-01
-3.602725219372068910e+00
2.074820141012648556e+00
1.011465157186921315e+00
1.552239770892224424e+00
3.022893898475480068e+00
-3.066715930771156673e-01
-2.922231423183433430e-01
1.956782827125219226e+00
-2.574154435909330463e+00
-2.474549971773749024e-01
5.969395683353919679e-01
-3.324651403860185095e+00
8.869422657225481954e-01
-4.925837810598250321e+00
1.218326359602876080e-01
6.929022866128271563e-01
-5.693337926454491299e-02
9.837578892956355681e-01
-3.215154803794230798e+00
9.087110311938703333e+00
7.849112521038729140e-01
7.933075007615764118e-01
2.974767249649546419e-01
-1.001714730199927406e+00
1.052606162880474594e+00
-2.031685318092786741e+00
1.221274453778485736e+01
6.665523906240624630e-01
-7.685888082200853511e+00
1.880758038165089907e+00
5.447759057111685177e-01
5.309605417000315963e-01
4.519847007542204254e-01
-2.093603125988069635e+00
-5.778498757127202845e-01
-1.369693536128033129e+00
1.199448274389953162e-01
-2.679437763696701058e+00
-6.110532727846591516e-01
1.832014400455001857e+00
2.185241059177252865e+00
-3.202351758447428542e-03
-1.037289670580216816e+00
-4.140976006226265160e-01
1.202063825506458850e+00
-8.702035767561340229e-01
1.122972575952695534e-01
2.373844022139180776e+00
1.737166989760123670e+01
-1.665676300380944053e+00
2.660062262611443407e-01
-1.276544855213577412e+00
-8.304673328314419178e-01
-8.455134525531945444e-01
3.844437196265950263e+00
-3.949674317932542755e-01
-4.221581623437312025e+00
5.893168436132858318e-02
-8.365052238374754978e-01
-2.297765721953363371e+00
-7.897710471440119173e-01
-2.536845014800230835e+00
-2.466866224076865510e+00
1.052609152787763014e+00
-1.174834670607100895e+00
-7.532289844102418863e-01
-1.036975284645748896e-01
-1.219053402867678049e+00
-2.520161694031969324e-01
-1.794468982369574528e+00
-4.932131602212701527e-01
-3.410078315715552311e+00
-2.995127376608440972e+00
-9.059043437548290889e-01
-1.301892590191503052e+00
-1.280305876054897429e-01
-1.141881791455020556e+00
-3.744597716126940590e+00
-4.169920933385548700e+00
2.631198477806139913e+00
-3.725377632838454134e-01
4.541548450023148220e+00
-1.174354379636939560e+00
1.319592686262228476e+01
-4.789984967637579971e-01
-8.089293207391016205e-01
1.651094781913317044e+00
-1.893013100483400546e+00
-9.112038039576885184e-01
-1.356353897454813939e+00
6.719151920958127411e-01
-1.321734220188113706e+00
-2.881851065675364310e-01
2.531884444655153055e-01
8.087980078014860297e+00
-3.407009222820048255e-01
3.564366598621009796e+00
-1.476568750319936368e-02
9.644174319396375594e+00
-1.874985317910739413e+00
-8.313831409819290308e-02
-3.823541072635485150e-01
3.846030965698803428e+00
-8.317286194403474830e-01
-1.664174257490612652e-01
3.177651415637315679e+00
1.511945777751708242e+00
-2.204662897747323935e+00
7.939966279829490103e-01
-4.263352944200007877e-01
-6.778036601049172161e-01
7.575160294854529353e-01
-6.123016170775689160e-01
1.615161994187072514e+00
2.847865635388834304e-01
-2.541500491408710816e-01
4.447167252668530857e+00
1.930195786130779911e+00
-8.482012782701935094e-02
1.969398747991942811e+00
6.485664289093097112e-01
3.839054250669727275e-01
-2.059533433008891024e-01
-1.191144518212963466e-01
2.571497854364992453e+00
-8.553812076517853802e-01
-1.012690240675518494e+00
-7.646532828401924053e-01
4.132292124164640867e+00
2.470502174074725055e+00
7.894105137268921935e-01
-3.830810973070842840e-01
1.599352446095416269e+00
-6.928997356729098556e-01
-6.447355971588790702e-01
-2.614408302357109637e-01
3.113271104936323752e-01
3.714177700159274398e+00
8.265608999523111899e-01
-1.014852319725889851e+00
-5.334589390302383327e-01
8.117822181999863329e-02
1.411784406288921101e+00
2.130948965828636521e-01
-5.969431089647850852e-01
1.882705498960237922e-01
-3.023746265592975879e-01
-2.900865398081712843e-01
8.821101170574061623e-01
-1.365658936112941479e-01
-7.239988567214424020e-02
-2.677383672713986029e-01
7.170451467001351942e-01
-9.065744029448478125e-01
-3.365592128609459222e-01
5.312196952161010732e-02
-1.685367579453473263e+00
4.708434750827356075e-01
1.112896008017278060e+00
1.903733994962026888e+00
1.287746204653268167e+00
1.083066178284186387e+00
1.175609437217243425e+00
5.952287755378542489e-01
-1.833294069776954249e-01
-1.059990561381106478e+00
-2.840429622680929356e+00
2.596443899031087854e-01
-5.239268573914521721e-01
4.234157888156094354e-03
-1.363519574989324301e+00
1.065616487794121721e-02
4.824649472043801013e-01
7.965126926999323009e-01
3.650116251680707302e-01
-8.833145572882582508e-01
-6.653760600193243668e-01
-5.667137011051384121e-01
9.914060841863029383e-01
1.877922854649597406e+00
3.385636219681333881e+00
-1.239523974362348069e+00
2.397096862858409394e-01
-6.973287868317215588e-02
-2.459424039754063429e+00
9.565673191600893022e-01
5.734328510196482487e-01
-4.560607408645101501e-01
-1.141970463257364621e-01
3.972790371674858045e-01
-9.170037794474285020e-01
4.512893321528861912e-01
1.124321351751981085e-01
-3.189129084622162047e+00
-6.735819532928327691e-01
4.516499697304558469e-01
-1.557542568356964585e+00
-1.664778705462890862e+00
-8.165299074863108242e-01
-4.371009315788550453e-01
-1.524868536263956076e-01
2.328376322785603858e-01
-7.958233934277779698e-01
2.939997306654067888e+00
6.474254247320611055e-01
-4.727340990579519397e-01
-6.569965188414188528e-01
1.781356410180451100e+00
-1.013037740514465268e+00
-2.739882436581899228e+00
3.842945783315028785e-01
1.690225109176762830e+00
-1.538616060346836012e-01
6.445326548218818230e-01
9.397720594976430863e-01
-1.772601602490892159e+00
1.595426630917400612e-01
3.714190697080169024e+00
8.059820052218512609e-01
1.974482411274901139e+01
-6.072035701197702195e-01
-1.048843963699280790e+00
-8.890184697819957238e-01
-1.532737640226601861e-01
3.228772608272671985e-01
-4.654788417166859649e-01
-7.450133418390130213e-01
6.214060244032465485e-01
3.360303933419885314e-01
1.343432796711254151e-01
1.920536363844735250e+00
-7.577116590583699018e-01
1.265019558448456483e+00
5.063534696985652950e+00
-1.754639587202750706e+00
3.915967918154212857e-01
2.888613139733302138e+00
2.205409376197185356e+00
5.824454331735021695e-01
1.434258153423306981e+00
-6.473400073251531772e-01
3.077463695465524562e+00
1.157997801773230195e+00
6.592899978021635743e-01
1.046506018517330272e+00
3.871423203258625101e+00
1.131258589514978397e+01
1.287069607127650228e-01
3.502153669550161497e-01
7.115073946096600599e-01
1.236694643204379052e+00
5.270231199632429142e-01
1.665232335294280219e-01
2.241840707673265154e+00
-4.301204057334677699e-01
-2.741658539393516669e+00
7.497434645115640395e-01
-5.862667318318170312e-02
6.231365020341446126e-01
1.549477417454666828e+00
1.694771899728783948e+00
-2.143385285023343467e+00
4.367407263469491596e+00
1.912618678112426585e+00
1.885020247638142354e+00
9.208061067630431973e-01
-2.093527516420808254e+00
4.053302919510487712e+00
-4.663860949526802968e-01
-2.255854531621368508e-01
1.048953449572166852e+00
2.104096180382709347e-01
8.739125354407347723e-01
2.640602421404731337e-01
-2.098605176021733687e+00
-1.942786113089552402e-01
2.476388697721401577e+00
5.329728278604745739e+00
2.364290980773313233e+00
-1.053360294883716186e+00
-7.092752697131274875e-01
6.379958339237419285e-01
1.275050001389385379e+01
-1.323654910175787291e+00
2.118157154117671936e+01
-3.346284900983152455e-01
9.274953222975923506e-01
-3.940617407009882278e+00
1.520368560133258939e-01
5.005744093220339863e+00
-2.093275344882978284e-01
-8.470422132920173430e-01
2.165872464255453600e-01
1.134953626530629034e+00
-2.868819324645141555e-01
2.053788437533981881e+00
-6.492572009823780466e-01
2.058351835460142443e+00
1.011609566837308183e+00
1.617802070444176898e+00
1.675706148098791370e+00
2.732680377565268603e+00
4.969746556479183730e-01
-1.387544419109310923e+00
8.876054726884415880e-01
2.055643777066293865e+00
1.130351935614924530e+00
-3.107141384653967081e-02
-6.468649870027541882e-01
-1.013392083579559184e-02
1.556702256671503859e+00
1.943845457220632067e+00
2.158607409735781246e+00
-2.142760933180579141e-01
-8.730010442432416529e-01
1.474876877222431215e+00
1.342450977893827835e+00
-1.356259673664534648e-01
-6.594103298329018203e-01
1.105909500476530694e+00
-4.178902344926999635e-01
3.221552234738844778e+00
4.284881473626671045e-01
1.297640152446323802e-01
-5.201127745366708188e-01
1.437376230182457526e+00
1.280844021019952761e+00
2.449365355996143467e+00
3.267876679707312437e+00
2.508997051562505964e-01
4.903423454087941558e+00
-4.681112822371583659e-01
-3.374720007147013340e-02
2.953209510982487407e-01
6.935903331131964000e-01
3.798613168155012598e+00
4.659798480808154952e-01
-9.655891044931169676e-01
3.056934831795254937e-02
1.677967294956197009e+00
2.863893210432409964e-01
-5.588760935570462607e-01
-1.482110694573842216e-02
4.744221590254184551e-01
1.167962682971779742e+00
2.543158237550612988e+00
-1.340031083229722642e+00
-3.882456203228977221e-01
-6.392824638138507876e-01
4.487890375865487336e+00
-2.150121187377521448e+00
1.196205196711865604e+01
3.504860988233803987e+00
1.489496065727940133e+00
-2.152593581738584116e-01
2.869976713653362710e-01
1.505470853777077345e+00
1.454497635043743964e+00
2.748809643608708608e+00
1.506336927923348723e+00
1.507604822219383855e+00
9.437221707486367905e-02
3.207810626533588394e+00
5.948638140855765144e+00
4.783471207891686894e-01
-3.139572870952311856e-01
-1.453188262114657014e+00
2.444236908442668985e-02
1.315683508887778297e+00
-2.353176778249141676e-01
-9.948762148575963637e-01
1.322708842684728436e+00
1.717892224932260570e+00
-1.454751968338670043e+00
-2.668852182202154366e-01
1.895812814692130699e+00
-8.219442914860721761e-01
3.357931839107345939e-01
-4.606797989193996412e-01
8.713263989702355050e-02
1.472693194830248554e-02
-1.307507357640425860e-01
-1.294501531416848206e+00
3.785108997572443901e-01
8.122846436719081964e-02
-1.862255576405030588e+00
4.628076740175805087e-02
-3.432448136774461644e-02
-4.990478856431858068e-01
1.400223084845469090e+00
-1.824492303226218581e+00
-1.828283774739859480e-01
2.583363063605901289e+00
-8.440983075442939354e-01
-6.836862159140701944e-01
-3.705617753622394983e-01
7.150177082499370451e-01
2.340282037606574439e-01
-3.037352980118376844e-01
-3.672199980678851894e+00
-5.980143767248108366e-01
-7.460741435574071156e-02
-9.004233099876429725e-02
3.912131718860766827e-01
-7.085227678885463121e+00
3.214227009480635777e-01
1.433830394320860124e+00
1.138429426074912820e+00
1.036118240000516444e+00
-9.304571029076400546e-01
3.778816752063021145e-01
7.527083892790654707e-01
-2.086344211683106131e+00
-8.621233294148166193e-01
-3.298596856706853320e+00
5.905649117219571309e+00
9.931818108126543310e-01
1.081075364505534875e+00
-8.378794879308254506e-01
-2.383586691596045526e+00
-3.039964706841852937e+00
-9.808201857960642256e-01
5.642644796006723862e-01
-1.765209584435155077e-01
-2.291131271278413539e+00
2.282656819409289550e+00
7.855193222340000059e-01
3.923571876006625825e+00
-1.248886746982280860e+00
-2.409672882850808773e-01
2.674860600337525818e-01
3.838885830610943017e+00
1.082143821867270317e+00
1.581484682088009519e+00
1.536066938252333092e+00
2.210058287187117276e+00
1.074046060094769051e-01
-1.803575026883749599e+00
7.157194563091401340e-01
1.217772389197416399e-01
-4.902360728164890658e-01
9.819549326115942778e-01
1.402448777224184928e+00
-5.173350911325905743e-01
1.502033765998509462e+00
-1.586237134021579287e+00
-1.494667011749854224e-01
9.722931256669396782e-02
5.891017318334249575e-01
-1.163240644607066443e-01
-1.357543835628135520e+00
7.807070007969502123e-01
-2.303076536922612050e+00
-5.191725531585804632e-01
-3.148597346785559914e+00
2.180447217441865426e-01
4.101165180099611979e-02
2.381915705191902100e-01
3.040500442741677301e+00
-1.775541357726008407e+00
5.225029979741732111e-01
2.344610119989569696e-01
-6.484725277769842755e-01
7.358918112405052336e-02
2.089742245652733976e-01
4.209222350350386721e-01
4.883929052022711881e-01
4.187909449067863110e-01
-1.309460192746272900e-01
1.523081092460018438e+00
-1.079599346990490982e+00
-3.150785978952349575e-01
1.124335719203197526e+00
-4.026185185108460685e-01
2.599478645731616577e-01
1.066368134470098594e+00
-5.942372509005392489e-01
-1.858830396762871651e-01
2.204719952807776551e+00
-1.254744651703346703e-01
-1.184631850358007221e-01
-1.662360486045491248e+00
5.571260737203813207e+00
8.207013803653347983e-01
2.306991251776922436e+00
-4.908777414195587552e-01
2.704445288458079411e+00
2.812507127623939951e+00
5.514965372486233530e-01
2.071833529224300197e+00
4.574812762030595059e-01
-8.339813135690038459e-01
-1.379240338301997548e+00
-3.074334414703230323e-01
-1.720583355339885268e+00
2.227629815901042587e+00
3.683844347211000514e+00
-1.793436524841733437e+00
1.326521800123527051e+00
6.393557473200860430e-01
6.236186066305723398e-03
-1.675094201777226788e+00
6.375166032535349636e+00
3.108695813078061754e+00
-2.675539677400779137e+00
-5.248449982421000692e-01
4.118384169216754986e-01
3.638245726959694171e+00
4.778666923156933422e+00
9.617421851538431099e+00
2.653044316846890460e+00
1.033330638590674200e+00
5.205850509070405252e+00
1.700304054669969478e+00
8.374939611833157826e+00
-9.364508563191880075e-01
-1.815596474689329387e+00
-3.400287521577933236e-01
3.994780460104004227e+00
-2.077824133768565451e-01
-6.645498155644051774e-01
3.727270899990139386e-01
4.795924066848310519e-01
-1.707759137119514659e+00
3.243241525246681523e+00
3.675011250227687487e+00
4.680869935981224472e+00
-2.741776478435903552e+00
5.192032791492059429e-01
3.972338689356479935e-01
5.949146545768702055e+00
7.077185983472796593e+00
1.493429381729345584e+00
2.420502105384234603e-01
3.254152682760567572e+00
-2.409830737057998273e-01
-1.084891019119269329e+00
-2.027427479500510943e-01
-1.773948675357502579e-03
1.821259448204725961e+00
-3.219337992934289544e-02
-5.608658817922153039e-01
-7.525641497928656776e-01
-3.479313171704658814e+00
-9.384540286506095619e-01
1.811407594375281649e+00
-3.451500780681464042e-01
7.357367623764878017e-02
5.153865055471277046e+00
1.259810705396639641e+00
9.286269189373353328e+00
4.483062667112641897e+00
3.977842383967178375e+00
7.715286719451797115e-01
8.680116749254235264e-01
-1.224415692384610121e+00
1.929581995748370193e+00
5.697464536577661470e-02
1.017946825958308210e+00
1.133562165816677902e+00
-5.423278578486204760e-01
2.744382361099472867e+00
-1.122568974468183267e+00
1.823917623879938443e-01
4.579846800130156659e+00
-1.295097866488465810e+00
-1.306427364872417285e-01
8.279743792368343236e+00
1.471316406736412896e-01
-6.488882888572325980e-01
1.138470220135988420e+00
-1.533236626465318775e+00
-3.824519879574300507e+00
-1.179579773833197565e-01
1.108162583669191115e+01
1.454135786897161609e+00
4.171788090313193642e+00
-1.736011419865256533e+00
-2.111945871883194936e+00
-1.122428151621772452e+00
6.058647471204960056e+00
-6.286254661847946457e-01
-7.223606945318869488e-02
6.782347495729906584e+00
1.768374296189975770e+00
-3.982972657170796849e-01
5.598937153334355266e+00
-2.940628768620259237e-01
6.127851273218586137e+00
1.977689640550682304e+00
1.157480972948516929e+00
-2.309609853999969875e+00
1.667974997329706860e-02
-5.578542074175296683e-01
-2.244583280928319213e-01
2.966683310982575428e+00
1.525276607726455014e+00
4.523473581423144707e-01
1.863816057679813065e+00
-6.933013650467949596e-01
9.249586991137318526e-01
3.537898105092481149e+00
3.692686240488548766e+00
-2.457311810531700447e-01
9.210941493313535844e+00
3.872044921628461811e+00
2.021654221228358583e+00
1.207038462946172075e+01
6.158451862298824908e-01
-2.015143210314001454e+00
-6.117335449791462265e-01
2.586064729396451600e+00
-1.628386781472541012e+00
2.427431775348086074e+00
5.883718477877725173e-01
8.293114810273159776e+00
1.162003153480856810e+00
1.867118315713518717e+00
-2.754649360719325646e-01
2.273103552197337951e+00
6.221145370947189779e-01
3.956665848570883881e-01
-1.464418188248552521e+00
-1.284694424962888326e-01
6.225442161344484360e-01
2.132218125290776367e+00
5.325809284553671752e+00
1.496849566208744875e+00
3.977300904318970542e-01
1.857305317430513414e+00
2.806973729362897685e-01
1.523530846674951533e+00
2.099184139292318285e-01
-1.924942796386677424e+00
1.965407232454983166e+00
3.251457289426250008e-01
-1.620143130206543741e-02
-1.302984960113234392e+00
5.157445826279684731e+00
-8.243304603030870981e-01
5.387409226913805194e-01
1.329917620369557296e+00
-1.164786301002838531e+00
-3.289744284076966174e+00
-1.517084076387256619e+00
-6.817757620989557399e-01
3.591232998906611629e-01
-6.453526682003214443e-01
-1.536721331500999099e+00
4.110084322502732812e-01
-7.235536555348632826e-01
-9.275888158093679170e-01
6.825510873525979239e-02
-6.857193195600695956e-01
2.643227688295405109e+00
7.921947802371394065e-01
2.622984048226816522e+00
8.472165479598067206e-01
1.173726807371417324e+00
2.260975003188625716e-03
3.303850545575649722e+00
2.361789946820963326e+00
-1.952811066647147431e+00
1.458664079260373114e+00
3.177526099778801072e+00
1.621731660889840221e+00
-6.348491648301429757e-01
1.145079041017309729e+00
8.025442825505599287e-02
-7.959107256128294949e-01
3.255102630371344841e+00
1.444807741436105575e+00
-7.971110533136278598e-01
5.567270918497198906e+00
1.527510824038671222e+00
1.412280136303095235e+00
4.870767653288959664e+00
9.339032445182351427e-01
2.699126240265193211e+00
-2.570836875730822535e-01
-8.485392470942618726e-01
5.144318449456828368e+00
1.616601202617409472e+00
3.806863630092335082e+00
3.995250501353810435e+00
1.275779412359108855e+00
-1.765075771471132704e+00
3.788069302418830553e+00
1.070827381772086362e+00
1.823800307164692658e+00
2.733037174039241179e+00
5.520220755728391104e+00
1.334019081426607856e-01
-7.841605119411189095e-01
1.094170739358681699e+00
3.935137682490511546e-01
1.831096493189980690e+00
-4.118477656102685902e-01
1.822734706398012328e-01
-7.173375334709665152e-01
1.389646865580246970e+00
6.623521973666867124e-01
1.476664997420276959e-01
3.669203632583519337e+00
1.744460378246144971e+00
-1.262401610584343414e+00
-2.175185752524406990e-01
5.455001241636010079e+00
5.129758267299439067e-01
-5.173482016926077565e-01
2.120412940878574348e-01
-1.115706757781663283e+00
-7.329313333480798054e-01
2.073786045679121504e+00
8.809198670552879085e-01
1.042590382187173370e+00
-3.290746054964737710e-01
5.631745138855205335e-01
1.568285215235142305e-01
-2.096361333037858099e+00
-4.561129667519306929e-01
3.552984212985051959e-01
1.872563009193155326e+00
3.123129895628606878e+00
-1.668427592599946552e+00
-1.968696990528979285e+00
3.060100327508271434e+00
4.025703110149713160e-01
1.440637306924409389e+00
-2.489618449789194610e-01
1.073816881531530626e-01
-1.931570602088285460e+00
1.641383440106483071e+00
1.695484662786350238e+00
-4.081649073994232935e-01
-1.903005456361041015e+00
2.463402471906670499e-01
-5.894828361678091655e-01
3.545156755052436992e+00
8.748936550567548709e-01
-3.377748642234815746e-01
5.045806906099783440e+00
4.269806246006847772e+00
1.478007505150475298e+00
7.563797134691606416e+00
-3.150575066783342093e-01
-1.403531796444860591e+00
-1.107620658490465482e-01
7.493031090632737978e-01
1.471525782113045189e+00
5.616052431554825752e-02
4.972986916759480458e+00
1.947472037684446544e+00
-2.080615374126525696e-01
5.198019038479395615e-01
5.379907955615646387e+00
-2.496376407058330804e-01
3.578929041123972254e+00
4.703475353105199375e+00
2.070881364521266033e+00
-4.894227839011414810e-02
5.365307564814026930e-01
1.551097934878385987e+00
1.036795559255890709e+01
8.017986573124930016e-01
1.591923796285201753e-01
6.390817239808927575e+00
6.564935257222699327e-01
1.082589461447818646e+00
2.062046224495523106e+00
2.162417115995795669e+00
-2.330506022145047151e-01
-3.524247815110168158e+00
9.867375673635319089e-01
4.266318602379725045e-01
3.224389464889665380e+00
-1.830724144563385725e+00
1.542629979901837256e+00
-3.500993103748149121e-02
3.029843347217283656e-01
-1.642969242287178666e+00
-1.598715461215990397e+00
2.166061716541361759e-01
-1.997819946476568020e+00
-1.825560857926293634e+00
3.458562096707084588e-01
-2.420926531913374813e+00
7.073748055166044768e-01
7.349363252481226905e-01
-6.944395870261178549e-01
2.638490934789488485e+00
4.127819647302243489e+00
-2.373215742138009343e+00
1.604862466586974845e+00
-6.789050252505132166e-01
-5.453237663816176806e+00
1.306210465589656922e+00
9.297362187528144251e-01
8.794376559682210992e-01
-1.048947910127917965e-01
-1.369161354180900458e+00
1.470924052438363494e-01
5.779925381396192607e-01
-2.270539359854252537e-01
9.348220897790348038e-01
-7.361946399532890428e-01
2.214070250960397335e+00
-2.759798529548218027e-01
-5.697282341242352333e-01
-1.763615296770753238e+00
-2.768034419453022199e+00
8.286888699876330255e-01
8.729282317546976699e+00
4.096886790012207458e-01
1.305633644625192158e+00
-5.660754619857161218e-01
-3.772369509776725138e-01
1.378573981277765759e+00
6.362929405634685232e-01
9.064113127813276938e-01
1.663996736617628577e-02
-2.284093228580713897e-01
9.476698262083924074e-02
6.398472075886032506e-01
-3.888084774815565026e-01
-2.661603502432724699e+00
-3.940415566916850576e-01
-6.720447462696650387e-01
-3.915479403215005871e-01
2.172055471574697361e+00
7.878422103670955634e-01
-8.336625648256927867e-01
9.602962561411150233e-01
1.232061336168276844e+00
-3.214472233456094341e-01
-1.966482624505956345e-01
-1.292996312713171836e+00
1.133896823565723411e+00
-1.109158802579880865e+00
-7.321405640031822815e-01
4.218774526460721042e+00
3.209752069234831140e+00
-7.276238417933718061e-01
4.365316980175072414e-01
4.931787947505590908e-01
-8.721636313977592092e-01
3.433582498246475989e+00
3.755805408501931009e-01
1.033550792093661075e+00
-4.072569634477896661e-01
-5.831203907173434509e-01
2.224031976273571631e-01
-1.295781519234139090e+00
-2.235516879887042396e+00
3.319298585711314864e+00
6.346349185458779463e-01
1.425631721781594585e+00
-4.553613537806658340e-01
1.416663159747691303e+00
8.990209768823130831e-01
1.565644817182542531e-02
4.424153649912259678e-01
9.625547968589925896e-02
9.161306849976941225e-01
-1.126536706853912495e+00
3.476155048067811615e-01
-2.413048103804464259e-02
-2.254885749859742439e-01
1.963325892466932510e-01
-3.231621434235305013e-01
-2.855002175493405736e-01
-4.432771734329544189e-01
1.012279422747475399e+00
1.544065151731991437e+00
3.464122823441281862e-01
-4.541266926911668556e+00
1.124493024940925512e+00
-3.211539142901165267e-01
-1.374918329913122905e+00
5.239529461533350974e-01
-2.485906715396972166e-01
-9.865963390098665409e-01
-6.572544248730823879e-01
-1.335389231246672193e+00
1.813102999048082087e-01
-2.394794806131407494e+00
2.230620860607142875e-01
3.044730468511332444e-01
-1.212443277832034205e+00
-1.137191096534401480e-01
-2.811230324908381650e+00
-2.401046759564887001e+00
2.410339358848597180e-01
-6.038380479114907606e-01
4.430664836066422474e+00
-1.694766170126299931e+00
-1.297598333832586937e+00
3.549268016478249077e+00
-5.611776245475091907e-01
1.082969307463102840e-02
-6.229749919684312021e-01
-1.050051075766205821e+00
-4.291956812267364030e-02
-1.056978665132610518e+00
3.052967141710384080e+00
-9.067010982258779661e-01
4.210902503761553284e+00
-2.171626315565013676e-01
1.077368736678953720e+00
4.223338552242315580e-01
-1.517642464112383793e+00
-2.584584547961488264e-03
2.492819793678657248e-01
1.165715512888881422e+00
-1.151675060160768815e+00
-6.632223261150339555e-01
1.617183330243791684e+00
-5.253163798889898262e-01
-4.883508772254180896e-01
-4.844437198628677166e-01
-2.453837970591417950e+00
-1.385121761006986585e+00
-2.714597955980681654e+00
1.555009488477820390e-01
-6.104852356399048663e-01
1.202077664929546597e+00
1.678963298657434988e+00
-1.579184105052297449e+00
2.415772479027923636e-01
1.698009524570918138e+00
-5.025764445619633758e-01
6.497976342018503548e-02
-6.583149575085278649e-01
2.340374001245468238e-01
-2.238674228867612026e+00
-7.385601809501084469e-01
-5.128558719190039472e-01
-6.083454457565282691e-01
2.356633794837019291e+00
-1.610352097806613481e+00
8.662065928135325166e+00
6.525317539344472895e-01
-5.436148545966225099e-01
8.288004068622584208e-01
5.715772544924489079e-02
-1.622548776934386261e+00
-6.171281482323964784e-01
-2.322263831214033403e-01
-4.607529110484164248e-01
1.568574201007196800e-01
2.208742514246215816e+00
-1.687562882819003129e-01
-5.749335564515030139e-01
5.704874592275024359e-01
-2.640614720236558188e+00
7.020647583755807997e-01
-3.889677906007232844e-01
-3.494622449088325422e-01
2.950425415661028783e-01
-1.951203689513644424e+00
3.663494414508808306e-01
1.293681725057221499e+01
7.182306225641337249e-01
-1.151247363690621889e-01
1.140000752277620100e+00
-1.316729193119856312e-01
2.295604916323708278e-01
1.758617677054891415e-01
-3.860375646518492965e-01
8.704849899742043984e-02
9.222004353432269874e-02
2.031820927373070518e+00
7.697138699198469602e+00
1.971069426222301413e+00
8.019515987310081861e-01
8.244492308071403874e-01
1.679797326956772030e-01
-2.117587004551585661e+00
1.437195852445273925e+00
-3.609789299449764344e-02
2.717431296874499580e-01
-4.517137749346010756e-01
7.555102234245599790e-01
-5.179793971825182863e-01
-2.436408116319723760e-01
3.633456433221915471e+00
-1.172300999660489840e+00
1.064329404448148608e+00
2.097096169888049921e+00
2.315894056883503471e-01
-1.766505115841327855e+00
1.858104630393456524e+00
6.289350997110578767e-01
-1.613481688099505540e+00
-1.743067520967202799e-01
-4.459853900019548623e-01
-1.525238983050104247e-01
1.569137856808215936e+00
1.242390169348579709e+00
8.308670179475984297e-01
1.185594648509408211e+00
3.101097950264105396e+00
-3.617511143304685123e-02
3.503974052000405681e+00
6.974772959624998547e-01
8.899076553833373815e-03
1.630116252514138553e-01
-8.139048575810534647e-01
-2.105435959310236749e-01
1.996574560119337635e-02
7.003901768369543701e-01
6.376369898458269514e-01
-1.005898897237097245e+00
-8.362938853003850648e-01
-4.488649706193301725e-01
-5.985489322572632442e-01
-5.200317730043861886e-01
-4.642809902133200328e-01
-1.984000381829519544e+00
1.745653949575703079e+00
-8.628818019575018594e-01
2.040206572870973734e+00
-3.204047570805579892e-01
-1.156485498925874551e-02
-6.095081061759406449e-01
-2.280475379117466450e-01
4.943871708132776543e-01
-7.372617911235839205e-01
2.568935953928722649e-01
-3.757683839198032172e-01
-2.988521132263051161e-01
2.649507323952626225e-01
4.007816724307859957e-01
-3.180125370268637730e-01
-6.441568767285539565e-02
-9.326241644075586867e-01
-9.979373398635832393e-01
-2.083305707301995380e+00
6.962527628366043109e-01
-5.056237261335609634e-02
-8.527588015328554372e-01
-2.664525598072284285e-01
-1.616556534736670325e-01
-2.808767862476017063e-01
-7.007321692629313592e-01
-4.913565115997034494e-01
7.545533898653060678e-01
1.868400364049972451e+00
5.878372780704859135e-01
1.957416185803347586e-01
-2.501778996842451419e-01
5.991541985641543056e-01
3.437417219147421932e+00
-3.346534420557861988e+00
-1.105893431969726115e-01
-3.431338991709120267e-01
-1.012351349548092916e+00
1.567184542610252640e+00
2.094330405359644320e+00
1.871342142290517707e-02
-4.545325893888466084e-01
4.116886045720702936e-01
1.150008944425228607e+00
-6.690267036290378222e-01
-1.495797800904634434e+00
-3.488750513946937137e-01
-9.641504466811756657e-02
6.546745238508388631e+00
-5.271290921665945650e-02
6.823375853937159619e+00
5.077437729968830027e+00
1.686695410360985678e-02
-5.455040633458926314e-01
1.148065360451593131e+00
-9.072220747255037576e-01
8.944815942511583629e+00
-5.026549482441470262e-01
1.060693985173920550e+00
-2.154128415917066219e-01
1.174373211245872239e+00
3.437081499798467554e+00
5.562048156003026600e-01
-1.460450219523650450e-01
-1.144524636235081827e+00
1.008821295415896024e+01
5.115764831749543440e+00
7.024114737727654045e+00
-7.036371136468745346e-01
4.529545958153343044e+00
1.518550128263104870e+00
1.129744429790147109e+00
-2.158719749056267734e+00
-5.162260064059249753e-01
-9.492132570633715627e-01
-6.546570654850581983e-01
-1.422760046381328636e-01
9.156578175512881668e-01
-2.247539296963517730e-01
-1.184501797189213779e+00
2.290184755937485939e+00
2.918615602431475775e+00
5.504244189291918943e+00
-3.532082695578748766e-01
3.966909833340558356e-01
-5.531695494819192926e-02
2.138715125499666136e-01
-2.955656256362682033e-01
-1.747104458226236057e+00
-3.987664730645492650e-01
1.430477459317487599e+00
1.718515626722164180e+00
3.295408141182515127e+00
3.526807635312626754e+00
5.502766651340380566e-01
1.899352754034620450e+00
-9.682942663894194002e-01
2.997739533991662375e-01
5.807841307581748325e+00
2.483502795317277911e+00
-4.267196046073438720e-01
1.449762568260404560e-01
-1.496452248966666732e+00
1.563047179650013163e+01
7.296140101363323360e+00
2.791039218404363975e+00
7.771165767716111672e-01
-1.562085858110719427e-01
-1.191046708644971419e+00
-4.159624725747711471e-01
-1.133273301330020022e-01
1.172712310994143303e+00
-7.732566500486786065e-01
1.361417092091272707e+00
-5.550323578001145064e-01
4.154915836667739448e+00
5.764297084401954763e+00
3.069119487738864560e+00
1.316343789812970844e+00
-1.696009975402347880e+00
-1.464632070153717658e+00
1.660370922851337694e+00
5.041634028217531593e+00
8.093811943637380102e-01
-3.585365253710534605e-01
-8.654640154638119920e-02
1.044932512241136813e+00
2.632274195920161208e-01
7.624856660870080738e-01
2.896048878968993656e-01
-1.681373596031795037e+00
1.749585996312241765e-02
4.183609512518296825e+00
-6.580937680029278480e-01
7.028268902431885401e+00
1.083129895044926849e+00
1.024769710922413674e-02
3.590205872023765066e-01
3.065152591432565021e+00
-1.206418553119507520e+00
-8.334447885696628644e-01
1.418594494423421670e+00
7.321434746276759276e-01
-2.621538867942705964e-01
1.540166996949309475e+00
1.415042925709869781e+00
-1.616364814046888254e+00
3.627724783662087393e-01
4.605895041516241961e-01
-6.800338407941456387e-01
2.280676147837262135e+00
2.741524194406193438e+00
-2.207507624095121024e+00
6.338135669337453815e-02
5.250313175341551064e-01
6.432396761713342348e-02
-2.779100193784978412e+00
-5.211083645449936519e-01
3.136196309596344545e+00
4.460291640599269303e-01
1.215692007586823165e+00
6.188979484448883239e-01
1.420263256016748743e+00
-4.423341090927987440e-01
1.252916888234833825e+00
2.742617446405498871e+00
1.684023462760698475e+00
-2.226147329048132839e+00
-1.982562816519455318e+00
1.396490449088772234e-01
1.060213959207459089e+00
8.120901366353497908e-01
3.390293942810008954e+00
6.696737577079439951e+00
5.792462900087680389e+00
2.642403536545149034e+00
1.085138226349985135e+00
8.133187504381224064e-01
5.137526742860910600e-01
1.368942452904861717e+00
3.719761976166975903e-01
-1.306089377028687215e+00
-1.228636728206959905e+00
5.655929084664579332e-01
-1.643642793256788304e+00
8.363129575239561797e-01
2.231294109713117743e-02
8.815752790057540533e-01
2.138561798569978301e+00
2.032078545240025846e+00
9.724054854818088955e+00
-7.560100820565083257e-01
9.286035945429710337e-02
-1.959327614213063617e-01
9.949800561260896403e-01
2.044343709250995733e+00
2.128179196539423668e+00
-3.736614069078793010e-01
1.228535435599331871e+00
-5.929669503152244781e-02
-1.364540448068546130e+00
1.477896594782222905e+00
-1.956639530529581950e-01
-4.637345516196188511e-01
-1.074903654830664523e+00
7.047007163371356020e-01
1.023842435921866523e+00
1.251068437214257756e+00
5.269110669703322536e+00
4.170559436389693175e+00
7.234720299191616633e+00
1.735231945796057440e-01
1.854575826824141682e+00
-9.428257722487980164e-02
-9.161178787413871705e-01
-4.219874471469607924e-01
1.350072091849736922e-01
6.166154756624272482e-01
2.966927060159147533e+00
-4.176897264794043330e-01
6.008875902724434281e-01
-4.233866288613075679e-01
-1.172152673917709054e+00
-1.481935169688706866e+00
5.336142453812644959e+00
3.966313962611082711e-01
-6.679752996902527107e-01
3.729715423710593392e+00
-9.756204114515476533e-01
7.840869006757784199e+00
-1.343052968479725884e+00
8.899434930046849601e+00
1.137584641274234443e+01
-1.133965526001166735e+00
4.473966490237398230e-01
2.216272840627152796e+00
-7.537727706310107800e-01
-4.685468337051540422e-01
9.737624072018234989e-01
5.725167010316134508e-01
3.661203940455385109e+00
5.912029985783514796e+00
-1.710066564105738873e+00
1.914416200322146266e-01
2.757910796299510858e-01
-4.601545521797599236e-01
-5.748929046845585589e-01
6.847169257880212356e+00
-3.421308611695850765e-01
-1.539063477515375755e+00
-1.353761442420201022e-01
3.438651202494751868e-01
-2.015527207170227653e-01
9.021931860190065544e-01
-1.261130574367145055e-02
-3.753502180997689286e-01
2.765908545211237524e-01
-1.804046148679192343e-02
7.253250948023897138e-01
1.655449613331629877e+00
1.461482868075046460e+00
-1.434376272830526711e+00
-8.543732516086700590e-01
-3.922771788566833395e-01
-1.970310118057033433e-01
6.687316883651103439e+00
8.068198007195071852e+00
-1.752051638311613369e+00
6.350293879528132179e-02
2.266351016487871739e+00
9.162532460259649625e+00
1.041362178048536924e+00
-1.321401457441642169e+00
-2.624853649485489049e-01
3.865879189876654909e+00
1.080766638795083168e+00
-6.153872559669860687e-01
3.335729310052137908e-01
-1.155446734902904726e+00
-2.552698974912935626e+00
9.261532576935659067e-02
-1.095527193770436059e+00
-7.618164076089257719e-01
5.168452209136404907e-01
-6.016437829868194198e-01
-1.771922974807193407e+00
-6.623237248470733585e-01
-1.075574514486410838e+00
-1.045859418705181593e-01
-7.006756838476417837e-01
5.635261535259666665e+00
4.844655712123748237e-01
-2.337914340647142986e+00
-1.260120206339115922e+00
5.472129247567553145e-01
2.098601726559392588e+00
-1.762457033441928445e-01
3.926388022635503572e-01
2.320229450442503893e-01
-2.051444869798556780e+00
2.239901895261868781e+00
-2.397971262158260508e-01
-5.876142712145889790e-01
1.615045182325931805e-01
6.429591536527705375e-02
-1.222480381907093072e+00
-1.017398144835603091e+00
1.706192038491984420e+00
8.273741984923961568e-02
9.055596241999487317e-01
1.452289042992519486e+00
2.517158070574439521e-01
-2.588580790590861436e-01
-1.578308690794259617e+00
1.711477680451403138e+00
-1.159812497936914655e+00
-3.037914491906416048e-01
-8.517603130788687915e-01
-1.229791894667350977e-01
2.022707601825822987e+00
-1.630389990339567330e+00
5.175555622940779532e-01
-2.800586078616253971e-01
-5.035160699466635359e-01
-1.428009032502368436e+00
-6.279147912852597324e-01
3.237667959189661548e+00
-4.486534841186072264e-01
-2.212432458789668210e+00
1.372478545715997589e+00
-6.446356832348301147e-01
1.029947461885320603e+00
2.183052926383843850e+00
4.596253923661963170e-01
-7.339068385605632683e-01
-1.595398810482560881e-01
-5.593074487413562945e-01
-9.055099194272604457e-01
-4.717947263837440897e-01
-1.314535058201311113e+00
-1.385937256049413646e+00
-7.527565111966176836e-01
-2.783302088855303058e+00
-2.302763158157377976e+00
3.786889667967012207e-01
-1.620397047301903148e+00
-4.420763890811011954e-01
-2.177828705618829019e+00
4.203382427145167799e-02
-6.861313895011769692e-02
-1.521086180919974107e-01
9.781247620241369234e-02
-5.548516779137990795e-01
-1.135265727097502175e+00
5.878842932729908544e-01
-1.258083751233016079e+00
-1.241108147875405576e+00
-1.758625873794960048e-01
-5.254311096103295720e-01
1.650290567261497809e+00
3.502364881201674773e+00
-4.948843747924329128e-01
6.571935110748789999e-01
1.504161952384112766e+00
1.132688079237316625e+00
-2.009518943161727744e+00
-5.926346786340065398e-01
3.622772982018728216e-01
4.262714218567164037e-01
-2.298066839181050758e-01
-6.816386506014567859e-01
-4.432538668788453540e-02
9.510763272351799857e-01
-4.660171120396807143e-01
-5.555281143527405208e-01
5.383633474473377145e-01
-7.435580995581470010e-01
-6.807366795457248099e-01
-2.978224028257157929e+00
-3.858325755671994650e-01
-8.136807526187012085e-02
-1.573520883274541093e+00
-2.297872380224590949e-01
-5.839265887669421451e-01
2.543684359948423720e-02
-7.179539145624738161e-01
-1.426149879575926427e+00
-1.095790040769142104e+00
-1.105877048413644648e+00
2.978632773871593198e+00
-1.286066900386555911e+00
1.215486335643264049e+01
7.169406512552143340e-01
-4.258050759562991838e-01
-7.694022019169607374e-01
-2.365499192030846298e-01
1.671067489707092735e+00
2.948800228716790706e+00
-2.027035557197900406e+00
3.436793230586185466e+00
5.515524065260672515e+00
3.341453561735236999e-01
5.452515175577114098e-02
-5.255241221049705702e-01
1.024863924104995050e+01
1.055764403076041980e+01
2.595219393411299924e-01
4.574838055651532787e-01
4.410749532248248173e+00
3.592333787589921390e-01
7.318462175505506373e+00
-7.511035006065750474e-01
-2.436645955540203690e-01
-1.000952459434912845e+00
1.337123623539781259e-01
-5.836566920407786352e-01
9.384581144499854588e+00
-9.408806144953595352e-01
1.611178861926690908e-01
6.571840836843817257e+00
-3.327635065308917728e+00
2.631146754139604971e-01
-7.575200865059819044e-01
-8.367703197825652195e-01
2.720916029418898319e-01
-7.723926608430813356e-01
-1.961786538869175534e+00
-3.032153281726841509e-01
-5.814968975794189143e-01
-6.205703293370156554e-02
5.141474594041143042e+00
6.775527358980560244e+00
1.050865697022868694e+00
-1.890928581076018744e-01
2.702644992407424063e+00
3.161765337310206370e+00
-2.281652389299256289e-01
7.976296052288701866e+00
5.550124313649238417e+00
3.595092500705630467e+00
4.117153907375330490e-01
-1.256162061293845333e+00
-3.410307781091106882e+00
4.953317001758865246e+00
2.805060629487447499e-01
-2.800113982528318335e-01
-2.985823208142471263e-01
1.934097493479416618e+00
-1.477799077540479677e+00
-3.632840743189180155e-01
7.997231462103823185e-01
1.063502025330340572e+01
1.763527625682308253e+00
3.023401795421540861e+00
3.066044232806439229e+00
4.565103399326424061e+00
6.226500271101000017e+00
3.741346570254893589e+00
3.639339103213891646e-01
5.654471271449827086e+00
-5.356376482038546216e-01
3.619883247675284910e+00
-1.124067566890514680e+00
-1.266001434832073391e+00
-9.094030422344404618e-01
1.098177552217655562e+00
6.848098935219631977e-02
-3.218368846039727088e-02
8.067349288854747114e-01
-1.883789161128715195e+00
1.465483684348527493e+00
5.459338156645403561e-01
9.666889047276036706e+00
7.221130179945787209e-01
-4.184815073986095868e+00
6.751216448256855962e-01
2.119729356343294402e+00
4.692543671593406573e-01
8.256344285534612526e-01
-5.414398470836279120e-01
-4.382431167285654738e-01
-1.691041183489608191e+00
-5.991612944294764098e-01
-4.028269568327116912e-02
-1.995611124493936295e+00
3.077987155174076728e-01
2.041225831883253516e-01
-1.384751068590400536e+00
1.527958464382489501e+00
1.402338297891494001e+00
9.641613663151646918e+00
-1.394548342277353026e+00
-1.113509279852764877e-01
-5.859291681799565499e-01
-1.750732363400890224e+00
-6.472290109807892211e-01
2.066668299836047495e+00
-1.175739523981918166e+00
-6.698071432680092752e-01
-2.096399189133868024e+00
-2.581132062239398728e+00
1.440778884544134275e+00
-8.370256444661829942e-01
2.181714457200091051e+00
4.831370726447625330e+00
2.568531476392676538e+00
1.280496755215636551e+00
1.915076970964432412e+00
-2.794157893999207332e+00
5.856509851645685494e+00
5.216424673693528469e+00
3.628654476014081531e+00
2.180275784575202713e-01
-6.119385454916158595e-01
-9.598093253495136867e-01
-4.716029576756485819e-01
-1.952088377714784884e-01
-5.815643652960828192e+00
2.658491473956279827e-01
-2.666037915294363070e-01
-3.277386504830002711e-01
-1.232780917068127646e+00
-1.457178482066638026e+00
-2.285732995927381772e+00
-5.403207281430294495e-01
1.782180900306971627e-01
-1.371364115222319491e+00
-5.798843197889114176e-01
2.621083591434303361e-01
4.249945333310726769e-01
-3.431458791393548480e-01
-5.343684765459748576e-01
-1.560351471718776084e+00
1.313272981870482026e+00
2.000989681363928574e-01
5.166883388384501119e-01
-6.802905294583986295e-01
-1.158482486115417487e+00
6.079120650743142784e-01
-8.892808380971309878e-01
-1.636525778663016836e-02
-1.378780494873732332e+00
-4.168027488355584009e-01
-2.688920811054708593e-01
2.205435595136821192e+00
1.509312406742398804e-01
1.037666506342882933e+00
8.510958662746700432e-01
-2.358286386352153596e-01
-1.739237469040169348e-01
-5.470952721338860625e-02
7.870538234907791253e-01
-1.011183825465761021e+00
8.961221547438506796e-02
4.548401444603714650e-01
-7.037041722525703147e-01
1.075979929355186382e+00
-1.436843029387298465e+00
3.258732283484029879e-01
-9.924555255479787785e-01
4.099679850091683120e-01
1.444503063642580132e-01
3.520718406028083614e+00
7.754202735733470853e-01
1.633227319682331702e+00
-6.380142169800382401e-01
1.014884601368802874e+00
6.207869531206743341e-01
-2.857761077142883521e-01
-8.391762685380590447e-01
-8.290694352218064278e-01
-1.134583980381292045e+00
-6.837825057013445784e-01
2.461427013526268359e-01
-2.016811811813354449e+00
8.604350738660802023e+00
5.803671983189115924e-01
3.449470501814350332e+00
1.618749917563781837e+00
1.951117539202297246e+00
-1.252726675549659774e+00
-1.784794861839896774e+00
-5.416107354881630753e-01
-7.932896608781933034e-01
-3.101230223911050077e-01
-9.093773976840835438e-01
-3.458491110724617457e-01
-1.402627312539719728e+00
3.656925425887191938e+00
8.559694556856629888e-03
1.964466656139683132e-01
-4.472974743783561524e-01
-7.757715947038359428e-01
-1.437616639058234558e+00
-4.253597139589286868e-01
-1.052218214804659241e-01
2.196676414191465643e+00
-1.178264700352616767e+00
7.146571992564110243e-01
-2.742735899696834956e+00
1.148937390077066523e+00
2.987598564969797810e+00
4.273262933275708164e+00
-5.197147079514757850e-01
-1.927013426202673907e+00
3.941219056486121808e+00
1.761453650539645810e-01
-5.147105527566961936e-01
-1.200895697080323343e-01
-3.722074348123400878e-01
-8.677533519212314861e-01
-7.674279079144535887e-01
-3.981219127818322878e-01
-1.328798838502230684e+00
-7.615544580413574627e-01
-1.887038147576820535e-01
-5.135164679715984448e-01
-9.345060606604344011e-02
-3.031760277008999638e-01
-7.016408649552836607e-01
-1.255469726049377732e-01
-9.736326378503013662e-03
1.122232847242680825e-01
-1.708488780309764143e+00
-4.468914442261811004e-01
-4.873441579431327803e-02
4.544306095423707448e-01
-1.133030838484831770e+00
-1.437679568182607392e-01
-1.269934039961291727e+00
-3.001585968309029018e-01
-9.708391911777772831e-01
7.342691578868537627e-01
-1.011123931599661879e-01
3.755852623127261314e+00
1.672910689524006012e+00
-2.458309399591302735e-01
-3.510472046285657011e-01
-2.233133189086291548e+00
1.348743103631365958e+00
4.780336083068264408e+00
3.581531037021806529e+00
-1.379436056275719080e+00
-3.380702140293946889e-01
-3.658562487844806976e-01
4.292735446292801904e-01
3.326380361874933800e-01
-9.611219457254168708e-01
-2.802573304539619503e-01
1.271096475963848116e+00
-1.160723979499559966e-01
-1.838042606329681083e+00
-4.113812468783731857e-01
-6.374258755568183998e-01
-6.185814143164157786e-01
1.353646704078859342e+00
1.556429483423844395e+01
1.008843872676164466e+01
-3.644530799054399584e-01
1.132902225659049966e+00
3.671247361277606203e+00
1.953983560464451319e+00
-2.887269256231609904e-01
3.839896494248224990e+00
-4.912284422545433182e-01
1.114327121409632165e-01
1.082593905363156139e-01
-4.562660345603358203e-01
-7.078118486427047440e-01
1.603738418647871755e-01
-1.931223807382703439e-01
1.756512538795913070e+00
-8.259438346084756466e-01
-3.451621493788418760e-01
1.478339326761827888e+00
-2.939160803852216008e-01
-8.140274670987222017e-01
-1.337669159952577756e-03
4.468159127556505794e-01
2.902329819698381760e-02
4.717502852981810268e-01
1.136902202711636889e+01
8.710922601543313881e-01
4.022006400962678363e+00
1.140701804340997105e+00
3.300968398807240800e-01
-8.360185490386442542e-01
1.418376420640501845e+00
-1.470333022033161852e+00
8.380464829196193621e-01
-8.182382594561035116e-01
1.032548485148019068e+01
-1.059484043304841583e+00
-7.388149916979703802e-01
5.309144793542608376e-01
-2.587688498810091775e-01
2.059537626622227169e+00
-2.847492017353463911e+00
-1.984187644380596582e+00
6.483505746074212650e-02
-1.535659969899831612e-01
1.267567024214858451e-01
4.687949704777533838e-02
1.582328970506317933e+00
-1.293180889602094930e-01
1.545492501137312624e+00
-6.008874512965997061e-01
-9.220505563948729888e-01
-5.149551415463423654e-01
6.310288079901479330e-01
7.025185202954782326e+00
1.233285264933926095e+00
-6.395857187036497749e-01
2.775847164362204023e+00
-8.312944560636553737e-01
1.348913214115482484e+00
-1.327904049529215480e-01
1.489883393215131413e+00
-8.558261656973468190e-01
-3.063177795775556822e-01
-4.004357737784192683e-01
-5.571166531370761454e-01
1.595693803584261161e+00
7.678132616443435587e+00
-1.036672499009509141e-01
-6.231574946706354146e-01
2.673430215882273073e-02
1.046958202185211384e+01
4.941447829069745445e+00
-3.296783022559678367e-01
2.338130871151378187e+00
-4.684012005509118892e-01
5.094887057059497515e+00
2.654730287694948565e+00
-9.365286716967863301e-01
4.562793852659405291e-02
-3.955226376087804252e-01
5.278855955821289747e+00
-1.071298654606945622e+00
-2.315599464602955404e+00
2.721627758696032462e+00
1.002775908746710520e+01
3.266688703139798700e-02
-2.270533303083502041e-01
7.090819657686678879e-01
2.987797861055661586e-01
1.115387923102101775e+00
-7.245554708988534154e-01
-9.620416516813768970e-01
-1.775932130388341523e+00
4.691110145901344203e-02
-9.021515018409709263e-01
-7.548872532333928964e-01
7.132078657686441225e+00
2.134694228011973838e+00
-6.555233164759812770e-01
-5.045247881726219186e-01
-8.105692869814474788e-01
1.090871223403936802e-01
-4.250510865236957758e-01
-1.780453385474313421e+00
1.087200557125229228e+00
-3.249414188612821386e-01
-3.384299980592112345e+00
-1.379593419493308160e+00
2.122194612560716342e-01
-1.973022213436195771e-01
5.698167982501037621e+00
-5.192000951201281023e-01
6.778455772165384197e+00
2.004808003541890926e+00
6.231751573822406909e-02
-1.670545681325811826e-01
-4.055823667045572178e-01
1.932947759061740267e-01
4.790742956702549904e+00
-3.407311609163414801e-01
1.281135090134636556e+00
2.804962076513258129e+00
5.146844275740510843e-01
-1.309959764972490337e+00
6.500935523587210441e-02
1.914960676505226944e+00
-8.092961103397555700e-01
2.043717115472313051e+00
3.374623904468833757e+00
1.894911277446218456e+00
-3.526980134124884647e-01
-3.168935607626017337e+00
-3.471052892058827388e-01
-3.236904209640816710e+00
-1.197533541455274353e+00
-9.416894821165316953e-01
-1.434640018579531828e+00
7.731885399368825240e-01
-6.854400862142752127e-01
4.445569607653895305e-01
-6.835621254657842094e-01
-4.722389920078422509e-01
2.496542698987974873e+00
-7.940893655832166331e-01
-4.953236893210410940e-01
1.476523977580221914e+00
4.512622500481339866e-02
-7.136498971958649129e-01
8.505264252825202043e-01
3.417212027196948609e-01
1.122859508185939000e-02
-8.983993428931825731e-01
-5.307073773901723746e-01
-2.686173972498400619e+00
-3.900454545286766161e-01
-3.213912880252755427e-02
-5.633280361221727484e-01
1.849329260686456977e-01
1.554685644062399341e-01
2.886951663325765804e-01
-5.000007632033393046e-01
1.571566664236311861e-01
5.873400262036506531e-02
6.211451333963279309e-01
-7.274017390537845795e-01
-6.489571361743866618e-01
1.178297926246183680e+00
-2.189371560285487295e+00
7.065556283985686692e-01
3.478085233106816609e+00
-6.020346729180082734e-01
2.494844286644230247e-01
-5.115358402061045279e-02
2.317832308907112449e+00
1.649225630764658668e+00
-2.292228195349482744e-01
2.408140850204731453e+00
3.236299568096944745e-01
-1.831595763744799932e-01
-8.229759704705593704e-01
-3.643054393737320540e-01
-3.081699636011408019e-02
3.373184103248545007e+00
2.163579757926411773e+00
4.539569800437972980e+00
4.516872174965854692e-01
1.342578880245575368e+00
2.994401649755598083e-01
-1.032752033007522607e+00
-3.375811934076328180e-01
1.815460114442916939e-01
-1.009652548556047025e+00
9.849392757887636130e-01
-8.762053064792691970e-01
-2.228016020359057103e-01
-2.385766711758557923e-01
3.170416300943450949e+00
-7.606879292737274145e-01
-2.128164977709709138e+00
9.247639255281996373e-01
-1.546656272016061262e+00
-6.003004498930657462e-01
1.567203444387793132e+00
1.898687840244283331e-01
-4.466085660696171578e-02
5.379403353144686095e-01
4.265806646500028276e-01
-8.748819324065851832e-01
-1.024328994495328216e+00
-1.148370486522121980e-01
-5.879847609856134749e-01
6.236450060722290578e-01
-6.602595003477341740e-01
1.331963496964351901e+00
1.186337298003654395e+00
2.125551663159908955e+00
-2.665735371654437968e-01
8.546093368461528117e-01
1.675391440886514483e-02
-7.476061036344703314e-01
3.582008120696273501e+00
3.508783926001947107e-01
-2.296946617670697077e-01
-5.916135114056989552e-01
-6.587238685430948926e-02
-1.865752343970759508e+00
1.827220001500739766e-01
1.608063705398455001e+00
3.941312261388017490e-01
-4.584058252103672126e-01
8.740463062617258583e-01
1.120796914373288011e+01
2.996370904627755571e+00
8.710263727183804594e-01
6.652192068134011649e+00
-2.290601191340128073e-01
8.298119198804258190e+00
3.401711102045117396e-01
1.543243575676985779e-01
9.663261534419455012e-01
-5.304110107294858212e-01
-5.268367442221855157e-01
-2.934359782732510968e+00
3.488212827479102995e-01
1.406291609028868850e+00
1.007187849153329928e+01
2.490044780558525184e-01
-1.398961620478029744e+00
3.283905122204919258e-01
2.764045514091786893e-01
-3.207014322590803213e-01
-5.549727303089789787e-01
-3.394406848763923956e-01
-2.267839894274035484e-01
1.278344528914417966e+00
5.410674816698758383e-01
7.608931276357994156e-01
-5.649317218151403974e-01
-3.903253114065174501e+00
1.268027719559829292e+00
6.582041911701211889e-01
-1.555951012148075963e+00
-2.104891563097110119e+00
-5.167421965112698468e-01
1.116595047552550568e+00
-2.681425070103390373e-01
-3.103502470082756037e+00
-5.830527442516081349e-01
8.352134505428132627e+00
1.521542063359822805e+01
1.137717165613459791e+01
1.628821903266669313e+00
4.435935902130899500e+00
1.954351120133790143e-01
-1.057965371504633101e+00
-1.482074257438515952e+00
-1.909838143203587690e-01
3.052535260008991669e-01
-7.797422651508941448e-03
-9.770589661257156333e-01
2.514023292604361082e+00
5.631098808970379288e+00
-1.123948107809731173e-01
-5.540212931754017189e-01
5.969542095916418489e+00
1.786097074686838315e+00
-1.037235764334588195e+00
3.379248291122036285e+00
8.468489791957334312e-01
3.501598849315589845e+00
-2.984238708999176204e+00
-3.857900935525168662e-02
-2.146137773311948216e+00
2.444598391848184171e+00
-4.119138879436696765e-01
-1.514382231919519040e+00
3.971063650172697912e+00
-9.894568288147141677e-02
-1.504688943591678818e+00
-5.901512786481383221e-01
-2.441183776363178848e-01
-8.739471639167708528e-01
-1.221556412314304563e+00
-5.965774977282305158e-02
3.251696576579309106e+00
4.228114382630357326e+00
-1.875997897143621973e+00
-1.376808827345938235e+00
-1.003369232918187581e+00
5.060991568559769505e+00
2.251475359818372102e+00
-4.584253598056171053e-01
1.254568273340930018e+00
9.281964674855831987e+00
3.717009952194528566e+00
-2.814074289134943285e+00
-9.634965548107674582e-01
-1.115950105603014997e+00
7.066076149375108972e-01
2.232489297305257026e+00
-3.294322326433723330e-02
5.859945136157160839e+00
1.470186327603057341e+00
2.501303340359325666e+00
1.105514846981358268e+00
-1.778990748533246347e+00
4.347255404469836826e+00
-7.288426325422966978e-02
6.163768963967235504e-01
-1.152892819755918064e+00
-2.248814930389680111e-01
-6.791538062541171428e-01
5.690369355345807456e+00
8.486974695557334414e+00
6.875652743364628172e+00
-3.078415648008453243e+00
-2.143957233993850409e+00
2.365294599599331971e+00
3.555305159676316884e-01
-5.844414509099504773e-01
-1.197904633635812725e-02
-1.480416219094103703e+00
-3.814617078024561181e+00
1.645177539390879851e+00
-9.229092536811589476e-01
6.798940560738695460e+00
3.573110034791220802e+00
8.945405138855738514e+00
4.495154070792967360e+00
2.127056519629768605e+00
-1.213458710111812167e+00
-2.248387253552521337e+00
-8.854211355340335654e-01
-9.925814691996763806e-01
7.004170706329413854e+00
5.798375829968579476e-01
6.717298222965085719e-01
-2.267156895037109599e-01
6.025629467853889087e-01
7.936929538682607754e-01
-4.778945493320765348e-01
-7.507708632865830456e-01
1.476358797615910266e-03
7.632808699104619565e-01
-2.162489077796427295e-01
3.646165860706899409e+00
7.821608082140372176e-01
-1.150828264396979383e+00
-1.450363452585784696e+00
2.438715663658511890e+00
-1.364800374414451456e+00
-1.669926652161479064e+00
-1.405292629499396817e+00
-6.815504629526326630e-01
-9.106696804971000647e-01
7.022216675616228532e-01
-3.476053894528550736e-01
4.744284131083047473e-01
-9.651820002300046664e-01
3.563586047042814009e+00
2.149244091264610912e+00
1.316693479128529187e+00
1.762624574217254603e+00
-8.142769768278010356e-02
6.802953152338561127e-01
3.444811869849078723e-01
-1.592152747098085908e-01
-1.032800275423616743e+00
1.357278154240393953e+01
2.268802283126217567e+00
-1.950384035747597222e+00
-8.924637158314033258e-02
2.279182156113845448e+00
3.385062683454896248e+00
-4.053872967842393482e-01
-2.753256849211010993e-01
3.551427004081851302e-01
-8.088236946214294454e-01
1.961732860848693027e+00
1.197568319494060063e+00
-1.810500034271785186e+00
1.701210318943284561e+00
-9.723342410952379167e-01
5.174500887649265968e-01
4.348389187034996661e-01
-1.175211261488778858e+00
1.096328890276993651e+00
6.381663999020755762e-01
1.109000717104707379e+00
-2.116850487833148886e+00
3.055319315479952724e+00
9.000166862105188348e-02
1.014092013974023310e+01
1.034433611203171388e+01
-7.464860919670817108e-01
7.199774785729876614e-01
1.290996828026917509e+00
-1.133418091082718071e+00
-1.975461170733573191e+00
4.516567840897153019e+00
1.520498585929256907e-01
-1.636702824651637078e+00
3.867174431318639027e-01
4.816967971478468002e-01
4.065416980732867280e+00
1.344562590038442096e+01
3.952932158518355776e-01
4.093549784498139665e+00
1.628226941231855074e+00
-4.682259041444859493e-01
7.749124993715559295e-01
1.990930757035112242e+00
-9.397176175376635576e-02
8.825543275232764273e+00
4.662407572821365975e-01
-1.022190563707824795e+00
4.441794212911483464e-01
-1.112815862011356793e-01
-6.629861023115313223e-01
-5.162076199602388948e-01
-1.752512497520296308e-01
2.480592250517321962e-01
4.963698862682238699e-01
-3.988024608872835497e+00
-9.598562460338402880e-02
-2.492376506678974646e-01
1.212432062339743322e+00
2.195621703743475983e+00
-2.545882053417976021e-01
-3.182084454166452248e-01
8.367051438305496136e-01
-5.920344698101547287e-01
-1.206760510743561277e+00
-9.020825738088664170e-02
2.651854105669750328e-01
-4.844255314939751034e-01
-2.603145511082218810e+00
-1.594963662805566618e-01
6.401810202433041219e+00
2.210567275107804708e+00
5.831529585301047369e+00
1.190757087930606056e-01
-8.236814120089017699e-01
-4.038472607317845409e+00
-3.578611220454199771e-01
3.998918593498747232e+00
-1.843874145364484018e+00
7.840857751130250186e-01
6.360866152477169244e-01
7.746769993820959987e-01
2.746283370967427473e+00
-1.585970240161688860e+00
-2.275151794305412534e-01
5.197993560295001814e+00
-5.712650895100602755e-01
-2.654002244218670592e-01
1.513168569587951318e+00
-5.103792721266018351e-01
3.679969238450046531e-01
3.089928028421050077e-01
1.277057662846640351e+00
-6.380240290761012290e-01
-1.064213701879418023e-01
-2.583002593488601395e-01
-9.958186450220199992e-01
4.786174646155116341e-01
2.626294344419529136e-01
1.411150017593958861e+00
-3.175937651612495305e+00
-1.047970991335822388e+00
-7.542621728894700617e-01
-7.948563877206542116e+00
-3.554226312259920917e+00
-8.851724375106411191e-01
1.416612140494556971e-01
4.260501064733210885e-01
2.186724750974280873e+00
1.915421761405257939e-01
-1.105088036279558539e+00
7.931542824930055691e-01
1.231082348873617560e+00
-3.979941785864870019e-01
1.640416596357229695e+00
-3.882435082759758127e-01
2.018111863012777563e-01
1.390293243643148546e+00
-3.769685588204622073e-01
1.075743413281616601e+00
-1.022685560208841382e+00
-6.774138002994486429e-01
-4.331777645603719362e-01
-2.761679450856083795e-01
8.167639949402353272e-01
9.274224199470901819e-01
-8.102300210980749595e-01
-3.710100799925800108e-01
5.071565649944481668e-01
-1.483028800173526118e+00
-3.582994281587149388e+00
7.909948374024018403e-01
1.704514671693710751e-02
3.812198451546702088e-02
6.735691798279869191e-01
-1.246112472504527391e+00
7.291291379473848755e-01
-1.209608064480632572e-01
-1.506766639086364101e+00
-2.110164179887324742e+00
-5.107453713421242734e-03
4.864352283244146036e-01
1.000998772356648470e+00
-2.661247460054820269e-01
3.099761389945623780e+00
3.248541018909767875e+00
-8.511898550728401736e-01
-9.361598636590855449e-01
3.688927020498425358e-01
8.496116069181260944e-01
1.892045830865934031e+00
1.199992733716042315e+00
8.226939430335682424e-01
3.158919302117412009e+00
-1.160605744299738395e+00
1.687187696354125466e+00
-2.703128007369758334e-01
9.440545604442288630e-01
7.367711967633742809e+00
2.045685944848936455e-01
1.223390566195698970e+00
2.156831682280770046e+00
-6.126640033147547904e-01
-1.936404245834305871e-01
-7.619718060396953041e-02
3.156325103302017876e-01
-8.840353438102365180e-01
-2.618660931203254716e+00
-1.156810942830675260e-01
1.690274588946359069e+00
-1.681901017664656051e+00
-6.873597498254144789e-01
3.031268187534739283e-02
-1.328296857933998210e-01
-1.140754195657761816e+00
-1.659971201826561993e+00
2.022464395845481544e+00
8.236604306235486561e+00
5.807481648925195972e-02
1.823189832020665618e-02
1.052428146712659718e+00
8.819098664204817750e-02
-3.165466149124336881e-01
-1.877330457078768111e+00
-1.210480273755362601e+00
1.124350681655233331e+00
1.349167213663465592e+00
2.159719162091209288e+00
2.242578355087985642e+00
-6.459286288268256682e-01
2.300987338001417651e-02
-1.581713568931280900e+00
4.496898688432203195e-01
6.694413056248031957e-01
2.990858660557027537e-01
-5.803791472312593014e-02
4.261669903772881796e+00
2.688016147582129811e+00
1.356290053654781724e+00
-8.091944806526008005e-01
1.255324532158551420e+01
6.118483935794930551e-01
-1.860241335302927235e+00
9.179569947631179838e-01
1.962615859625625458e-01
3.158020294176191456e-01
1.231099084714647185e-01
-4.347793809037217017e-01
-3.647075714641422883e-01
-5.948035612358658630e-01
-7.107256796964718515e-02
-1.772487483224084448e-01
5.957495891700855140e+00
1.599530919662316197e+00
1.781705551323056413e+00
1.616247503078814818e-01
8.348971857985426626e-01
-3.838766018994597684e-01
-4.777276951972877939e+00
2.554879871476396058e+00
2.775535583111795601e-01
-3.316908750045316490e-01
-5.551670534091577291e-01
7.851948926927184713e-01
-1.363751056631430925e-01
1.631357317505425231e+00
-2.184613546003366658e+00
1.890672754457568772e+00
4.310018637412391107e-01
-1.274719216315079340e+00
-5.784136265851107517e-01
-1.501614993920256991e+00
1.363474945367012081e+00
6.872332622332577579e-01
-8.389522920458242217e-01
-9.678705379280562182e-01
8.879821252603881110e-01
-1.521129410034498308e+00
-8.120610035025244144e-01
-1.213329145807007903e+00
2.358054220362276521e+00
2.314602529697852296e-01
-1.001324664198951719e+00
-1.217517905043777660e+00
1.250860328773004237e+00
4.233867299782337668e+00
-1.309446755771580817e-01
-9.626534268793679461e-01
2.893392204526824329e+00
-6.295514065090453970e-01
2.906795207385671695e-02
-6.184516170598237245e-02
1.707430163602438489e+00
-1.096844454969653215e+00
2.145868950570788691e-01
5.241438068007553408e-01
5.012644147506020609e+00
2.548834120462324937e-01
-1.143871346585521032e+00
7.045165805683344828e+00
-5.128346432344303985e-01
8.921420173045924162e-03
7.100003519696261867e-01
-5.260996173820816635e-01
-6.269069812204015157e+00
1.646698282598705765e+00
4.076386436432593463e+00
1.622211504596442477e+00
2.178135865619859501e+00
2.169802799057347631e+00
3.987675120217071267e-01
1.171177829446565122e+00
2.569762880810275263e+00
-1.888369006135572459e+00
-3.234810416718419401e-01
-4.653396531182232843e-01
2.388982354802445585e+00
2.800183179655983956e+00
1.382424218124649773e+00
2.763713770656638369e-01
6.102286122695717019e+00
-5.229135473311717908e-01
-1.071123687641120759e+00
3.828155123597550169e+00
-1.496580452013121683e-02
4.250150561979100794e-01
3.222147867897787510e+00
1.138773185679718303e+00
-1.079617293833187025e-01
9.796545744527038746e-01
-2.243373584760751382e-01
1.743410497183332852e+00
-9.520102023380406786e-01
1.122841495599983919e+00
-6.560997330590090382e-01
-1.779966712502131440e-02
1.766593696378660372e+00
-1.277310799974775035e+00
-1.534139827000995826e+00
-6.687303094965115768e-01
9.014117989563573408e-02
-3.648937226539186729e-01
-4.685601263328495469e-02
-3.183219681556693548e+00
3.091128964881284080e+00
-4.522693184116348686e-01
-9.561274289517779357e-01
5.679865427922891064e-01
-1.109697396821341053e+00
2.411157544638880823e-01
-4.456569548198119346e-01
-1.461278083574373499e+00
-1.129260271449382680e+00
-1.438793388068019263e-01
1.005211440280207258e+00
-2.759280809828401626e-01
-7.423591064277517138e-01
-6.420534593866483730e-01
1.871520451759215442e+00
3.462199901704980043e+00
2.291983185579070437e+00
4.194328082898472476e-01
-4.747530449646732431e-01
-5.152702594805054215e-01
-5.822927299211071439e-01
-1.320854643166021747e+00
1.449132930406465680e-01
2.164423779675250514e-01
-1.647145149214197524e+00
3.012504315320022386e+00
1.306363016330357230e+00
3.141528212095756056e-01
-6.988960984647012431e-01
-3.759562693999932703e-01
-7.908569290378368866e-01
-1.757852225464998364e-01
-3.508658156743046930e-01
9.571511950910613908e-01
2.052288329576209325e+00
5.311318864662670780e-01
2.945682165099449135e-01
-2.709920568044113853e+00
-1.792161510657590551e+00
-2.565602553927759821e+00
-1.071014656138338905e+00
5.594850067176507791e-01
-1.237664092143529349e+00
-5.440558303379283700e-01
7.236909577703843910e-01
-5.317029096613011818e-01
-1.605830574517638665e+00
-7.138652351397021256e-01
3.020823701550474083e-01
-2.278026999801568309e+00
9.157910843264086553e-01
6.307234183208865197e-01
-1.629402294165998688e+00
-7.321451064900320604e-01
2.127146698451212736e-01
-8.383004715597059953e-01
-2.288991997513834420e+00
-2.955382275983288176e-01
-8.518795889078615291e-01
-3.277332230735122837e-02
-2.987544574185324597e-01
2.159606024010926051e-01
-8.548207065186846920e-01
3.372738009355093491e-01
1.682610349755001844e-01
-8.883741270816448710e-01
-1.211492301237822311e-01
3.486235020874499102e-01
-4.876963040786151393e-01
-6.401580857595529084e-01
2.622068687453806834e-01
-1.455846159584578588e-02
2.311346985331392545e-01
6.113320507035491236e-01
-5.611581976615866996e-01
-1.259699447820363249e-01
-7.326519960206494264e-02
3.683023739802966379e-01
1.980698173899048120e+00
-1.289299199883463254e-01
3.308286713446120242e+00
1.052213881726535433e-01
2.514326330764806716e-01
-2.396132030579102956e+00
-2.345421722832441880e+00
-3.666181696383981059e-01
-3.149169863251758406e-01
7.332798324756437114e-02
-6.069705172768931067e-01
9.583182779728465217e-01
-3.675933515575725563e-01
-7.736573929942412997e-01
-2.870828211876889746e+00
2.376041734378671333e-01
-7.066780908511630654e-01
-9.759484203228337984e-01
-9.499616843816013345e-01
1.194217396979012413e+00
4.193223630658078349e-01
-3.778069534024073861e-01
-2.126232528436443836e+00
1.452008751472730341e-01
-2.146173345216736195e+00
-1.934173043858254393e-01
8.436798127303917205e-01
-4.757428784461644605e-02
-4.796873472449947884e-01
3.619233878693449924e+00
4.329606660938949414e-01
-7.066488865411859610e-01
-2.274239078976447281e+00
5.687724045470925471e-01
7.446816583992255101e-01
2.567689529528212056e+00
-8.380053289111711878e-01
-7.474331806113444499e-01
1.553455034742650953e-01
-3.360539326289357032e+00
-1.310862061934041423e+00
1.826289704528152036e-01
-1.230811330495761524e+00
1.152027887335515199e+00
-1.198547764257071879e+00
-6.859790282649903537e-01
5.498199820140201588e-01
-1.241929925678677105e+00
-2.738778481375392371e-01
1.341353877556730190e-01
1.466506938385857994e+00
2.934485189312159292e-01
-5.337525559388578422e-01
-3.957692182936309311e-02
1.562342267237473381e+00
-7.847051722586919631e-01
7.230625255606448754e-02
-3.131196438616697941e-01
-1.148613258353345268e+00
2.209240087080864001e-01
-1.140663787134577278e+00
-3.423882267243447131e-01
1.098070576840200596e+00
-7.272380722991448332e-01
5.787347621017207011e-01
-6.537003450555869399e-01
-2.687035042204716784e-01
1.065473583176519634e+00
3.632801863735537040e+00
-8.545511690959766149e-01
2.244167689179256686e-01
9.671844855872097080e-01
-2.966336895761579662e+00
4.650206455138677364e-01
-5.452483507720242706e-01
-2.536455032525760878e+00
1.411068877890327145e-01
-8.106158566051822056e-01
-9.462160444468363796e-01
5.306694539424519075e-01
1.198115233979972105e+00
2.134298921653420056e+00
4.212658340390599276e-01
2.207275616598562418e-01
-6.257301957275885895e-01
1.690940107386413649e+00
9.903183423251074036e-01
1.053295099169270221e+00
7.744756009946733855e-01
3.558859239905983740e-01
-2.822776655302951521e-01
-4.373480875362475429e-01
-1.043540382806226186e+00
-3.187681948094509554e+00
-5.707902486361139394e-01
3.318916282088629210e-01
3.418739767416674180e-01
5.263127769974730308e-01
3.934470738130608214e-01
2.245529838508472653e-01
5.533099832014757441e-02
-1.035091052308519055e+00
3.799543284376626362e-01
1.010944600843814323e+00
-2.304140933964022420e+00
-1.489890075390268853e-01
2.017487292717088931e-01
-2.798905236037386307e-02
-1.052083165577912149e+00
-1.766052200500129454e-01
2.105154510342087670e-01
2.729582906206415860e-01
1.437303688760497855e-01
8.138304460520168204e-01
2.805688395668811896e+00
-1.055622536773578313e+00
1.701036832849696090e+00
-5.700696593212876806e+00
-8.903610221289142146e-01
3.242759531280651197e-01
-6.478348924829318012e-01
-5.481324690465493310e-01
6.380164682835530732e-01
-8.673891055618467849e-01
1.996803507425337854e+00
-4.164059662715003940e-01
-1.902518695542389782e-01
1.855737399066236692e+00
-5.799767051526187600e-02
7.031144615816136145e-01
-1.031490463922248545e-02
7.071917600567229067e-01
4.679537410122683871e-01
-9.886261770804903593e-02
-1.312008382670886597e+00
-3.366973992867695609e-01
-3.257575511830979598e-01
2.498942738888957349e-01
-6.400218144297781242e-02
-1.083177591326977218e+00
5.109633722322413085e-01
1.106051341852126724e+00
6.697522186341809958e-01
1.041755508672117303e+00
8.559046071331874450e-02
1.007779232297150385e+00
2.378126128667108763e-01
4.771799040199609099e-01
-3.226799385032750878e-01
2.550686078158923564e-01
4.790495392958585841e-01
-1.418452548389802947e+00
1.614961294990674145e-01
8.672069282336535290e-01
1.531325073475785226e-01
9.343078978231755816e-01
-4.808064201458444042e-01
3.439354425323189884e-02
9.609350019675010762e-03
1.826341857080393538e+00
3.225885247988447890e+00
2.618140914832486899e-01
3.502334339057588952e-01
-2.852989186850424241e-01
8.653550803008136505e-01
8.753709493221227822e-01
2.502530036902052002e-01
-3.283534627892636948e-01
-5.691945766955648356e-01
-5.389115245542317467e-01
1.602486725426460090e+00
-2.204222200246800101e-01
-1.160003310600232096e+00
-6.351371250635648447e-02
1.463019052994672276e+00
-4.543245714918296430e-01
-6.201985406154345570e-01
8.565662229369249703e-01
1.217506280943281505e+00
1.462309590520316505e+00
1.057422867568086566e+00
6.913207141613686435e-01
1.989693241929695766e+00
1.061628837771306344e+00
-8.301301478581797344e-01
1.198939341097906119e+00
-7.249743584744086089e-01
8.249069828367437962e-01
1.103109087491891849e+00
-1.953945661269730974e-02
-2.260461608692148516e+00
-7.370389374505900149e-01
-5.886908599689644195e-01
-1.469903265666959724e+00
-1.802023584006242407e+00
-6.380596870756397032e-02
-1.096402062736408167e+00
8.397321779184796497e-01
-1.544671081622836332e-02
-4.133383214724547505e-01
3.181428158854666122e-01
-2.788869400205128191e+00
-2.655038870693662290e-01
-3.399736024092569475e-01
2.313433795336768684e-01
-2.468760935656599265e-01
-9.744733746598001067e-01
5.307913099512672206e-01
-1.359536410294222453e+00
5.464404984068187421e-01
-3.479061269630433304e-03
-5.471862946416128359e-01
1.368275813209991920e+00
-7.119145908091516484e-01
-2.685073576970344877e-01
1.498117776419265912e+00
2.022394874822677657e+00
-2.474034736161810077e-01
-3.429556051771362135e+00
-3.288389922608528915e-01
-1.482290652365341466e-01
1.193459379472768145e+00
-3.604242205108933172e-02
3.488821204444077506e-01
-7.483678749612620029e-01
3.711553756841092233e-01
-9.800381203580825762e-01
2.845340532301835011e-03
-6.350321515210338719e-01
2.373056150227256911e+00
-2.630798879037937743e-01
2.173457721609735493e+00
-7.368579052386980965e-01
8.306295734030642031e-01
-1.502838900936324995e+00
3.551717784217998997e+00
-2.813258122058138189e-01
-2.437647542323166494e+00
5.760396068050644303e+00
4.749339073907161257e+00
1.641410632570471595e+00
1.170203369136029847e+00
-2.393790838501399509e+00
-1.808600763160842284e+00
3.209279884632853630e+00
-4.792010699373436822e-01
5.186423852483384778e+00
3.723502828304649237e-02
1.468958946364482765e+00
-3.464060690718486213e-01
-4.389938444231603065e-01
1.483890321717811878e+00
-1.305017177245193949e+00
-8.686341619317559104e-01
3.794054014568283950e+00
-4.747714130494212759e-01
1.773754938624085620e+00
-7.731214110101302106e-01
3.744168508956378982e+00
3.108295817580392750e+00
5.226313362298508736e+00
4.819703925939957112e-01
2.525040707441166266e+00
-5.780611675701277652e-02
-1.048088912737431100e+00
-2.065211771663462148e+00
-1.173511450247775256e+00
-1.885992542424958174e+00
-1.849850173530253494e+00
-2.225130206239956873e-02
-3.313484326490853671e-01
2.483120142128281138e-02
6.233596698841623734e-02
7.508670652785830235e+00
3.513672188177350719e+00
6.065052961075187987e+00
5.374160792396878161e-01
-2.726725660873465240e-01
5.839557083799226112e-01
-6.218391531653900683e-01
-2.259824802495075668e-01
-9.333501114750212711e-04
-3.918016410280589223e-01
-4.488360244010384248e-01
3.418892840614847217e-01
3.323039896452508302e+00
6.848317447548367687e-01
-3.609640108538984649e+00
-2.328693304177846368e+00
-2.245257179684820303e-01
1.119934098347402651e+00
-3.623875236055388860e-01
2.122204668012493745e+00
-1.638198317842207430e-01
1.053994464937463515e+00
-7.025402618653772135e-01
6.050479637408778810e-01
-9.172685086782337294e-01
-1.892608405317857789e+00
-8.310890108252344186e-03
1.126513819638759406e+00
4.002811406260148863e-01
1.258711139659711042e+00
2.881207615118901999e-01
1.552949045536292649e+00
-7.810238055499536536e-01
1.375893703513977884e-01
2.504345397185211430e-01
-1.116723617110941369e+00
1.423776336436940682e+00
9.222092297605483102e-01
-4.425701244755762431e+00
2.742297567523885427e+00
2.395989579266916358e+00
-8.414092426230360688e-01
4.532221439622021286e+00
5.564445649129961424e+00
1.499160923968302139e+00
2.324862619644211925e+00
1.333573223218976755e+00
-7.847384884871537736e-01
1.023890314603300489e+00
2.205458848425753349e+00
3.249958140842420740e+00
1.774750919776021840e+00
2.821313486835642426e+00
1.312727569845340669e+00
1.126847470515882632e+00
-1.090466584402487005e+00
6.595179199866544328e-01
9.266667200921087366e-02
-2.559246277362012267e-01
1.743530848881321982e-01
4.228852849511761103e-01
1.301838557942913033e+00
2.688941443449522350e-01
6.309404314348501797e-02
-1.381150515078798380e-01
9.413488783451725572e-01
-3.096890256346720993e-01
-3.369678689887084300e+00
-1.658257407964207175e+00
-3.054321517349111170e-01
7.463489001021111902e-01
-9.828880443330163530e-01
2.389300992202399776e+00
3.778769398173423610e+00
8.041952091709074768e-01
1.652427828635564477e+00
-1.068920916581105773e+00
5.327602555932853257e-01
6.456147197078720978e-01
2.488747178014413919e+00
-5.443282845038501794e-01
6.750110839258437467e-01
5.532861046886291545e-01
5.340982529084407071e-01
-7.674085256517558795e-01
-1.687970713035996662e+00
-2.925532094646391634e+00
7.899881667336095425e+00
3.422630211895737684e+00
3.969415385616250069e-01
-2.092255397071128176e+00
4.681024727512906658e+00
-1.042033433265213915e+00
7.928539181046633244e-01
-2.773863147938737117e-01
-2.910580575398852982e-02
-1.960889329409516879e+00
1.428352851232965293e+00
6.504294502996023297e+00
1.571356333957871998e+00
-1.822031893890035947e+00
-3.230175941563466144e-03
1.427010386140874720e+00
4.005432211735733827e-01
-4.501398189810924544e-01
4.456923487487780000e-01
5.529325926645325406e-01
-6.177384930520919415e-01
1.990028548624346583e-02
1.848034982652233094e+00
-1.005617522172465861e-01
1.419213386967275392e+00
4.133107323685857870e-01
3.213699898067909455e+00
1.246699504118083723e+00
-6.085338151787504923e-01
7.919378516438910776e-01
6.249263858475305744e-01
-9.937932473463532146e-01
1.274602705780528422e-01
1.421582964236074442e+00
-5.865654855463314776e-01
3.658006376149530059e+00
2.473344803812933534e+00
3.206208375443220238e+00
-2.056539403571226110e+00
-4.556983020975761273e-02
-4.338127709074914851e-01
-4.401049490288251320e-01
-1.200530102171149416e+00
-1.309973218502089309e-01
5.740432282994968105e+00
1.654382482181363079e+00
1.418457374622812628e+00
4.896479953344835545e-01
-5.926616616123520087e-01
-4.223414053674465762e-01
1.267021326985441787e+00
6.442474834486866531e-02
6.447392180648983118e-01
-1.404680340608686517e+00
-2.135352338367965674e-01
4.744173455083604551e-01
-2.579760916933654391e-01
1.125861280223527938e+00
-4.588913134535489990e-01
-2.668242498106490057e-01
-9.553768972858682762e-01
-5.839011874034708560e-01
3.346769688947101029e-01
2.402642704746097146e-01
7.162247282347318222e-01
2.569118782918548005e-01
-1.072157529859609104e+00
-5.216814998891592392e-01
-5.297468816954296056e-01
1.182651055107027727e+00
3.960313129045488212e-02
1.543083127583468606e-01
5.322864848630358692e-01
-8.480359599253838032e-02
1.016607362836460249e+00
3.400340894770889300e+00
-1.443918483603898739e+00
1.853068824928132408e-01
-3.355945573264482173e-01
2.590001369869721626e-01
2.459425252206593193e-01
-2.142206552403733977e-01
3.322618891166548849e+00
-1.361506350291970424e+00
1.479600299138858599e+00
7.801715911769576683e-01
1.274414353136300138e+00
2.642301081628214629e-02
1.729990202720694148e+00
3.424554589247625347e-01
-9.357957819539188815e-01
4.364246980092949535e+00
-5.361399611609278179e-03
-1.814563768476235017e-01
-5.181718027890804823e-01
-8.773320664225763288e-01
1.144412610340390102e-01
2.000991655084625731e-01
1.502812243670928583e+00
-2.049855172554674532e+00
-1.912178167275509599e+00
-6.601185950124960344e-01
-4.319277654194342286e-01
8.821204803374301795e-01
-7.600850048517832080e-02
4.662959602858501307e-01
-1.219107065584732918e+00
-3.207311251785003869e-01
-2.246349294492908655e+00
3.256247318172691418e-01
-1.015228552460821332e+00
3.084523739851504076e-01
-8.567710000673868231e-01
-8.153601245672977837e-01
-5.261557954414537441e-01
-5.790655690761515872e-01
-2.685221971314444844e-01
-1.101175095611700572e+00
-9.346517952174260291e-01
-1.389118714436169855e+00
1.299946361312788630e-02
7.755857418999239083e-01
7.559950572546068059e-01
3.342274430141657149e+00
1.036318961107453696e+00
3.673542766185437514e-01
-1.909782428239790830e+00
4.890298492340822700e-01
1.214484246292490743e+00
4.086719500801365701e-01
1.102505417666254983e+00
7.891384020161485990e-01
-1.131816443837181163e+00
-5.403363870893869159e-01
-1.714887733699392569e-01
1.628112274700495021e+00
-3.844825063337882765e-01
4.157656289479860212e-01
-7.955357312599938835e-01
-1.388323136379044476e+00
-7.910985751263340804e-01
-3.766652455376000574e-01
-5.988700710642210767e-01
2.232454260220754882e+00
5.885712233383342262e-01
-1.073629590812761769e+00
-1.246209449794423607e+00
2.275150822198328981e+00
-2.526153801671507937e-01
3.440135043284946459e-01
-1.521146520693215987e+00
1.576250227556721617e+00
1.994825628286557295e-01
2.375591596320616006e+00
-1.211454133111281584e+00
1.637818702118259306e+00
7.497776696137459229e-01
1.531204710801098434e+00
-6.869626810844879916e-01
-1.725692175131650963e+00
8.858859842175662580e-01
3.228888427679209583e-01
3.715519094845622483e+00
-1.854487412873698782e+00
-7.560333274219380728e-01
-8.544117161811766170e-01
-1.817399779881317290e+00
2.041209412160513548e+00
-2.385318207970534288e-01
2.691840241054597627e+00
-5.068807354468785054e-01
6.079162655613432609e-01
3.307665888834384393e+00
5.395479545380608144e+00
-1.806713192008292168e+00
3.669593461607148499e-01
-1.160960418858813625e+00
3.391813425826760486e+00
2.330670826377442495e+00
4.636771782521710294e-01
5.589883453212648234e+00
3.024931313013478618e-01
6.306722841711339678e-01
9.837204746842594105e-02
7.898798180443505901e-02
1.204565155734921511e+00
2.928986236541297306e+00
5.119073741844913927e-01
-1.033934760457732693e+00
-3.511645400683612861e-01
1.753984810460064159e+00
1.872666497831454224e+00
2.723426838665307104e-01
4.299684486906957481e+00
1.625157466097647108e+00
2.220216715890737547e+00
-2.089650373857605548e+00
-3.030358587533044101e-01
-1.102318273590070730e+00
2.891688045630406156e-01
-7.460156334285498181e-01
4.338264158994858261e-02
-4.871535295075052341e-01
-9.248595878214355137e-01
2.016607779294572911e+00
-9.286690971941815587e-01
-1.759076660368471767e+00
-1.951516931158734813e+00
-5.448399505521376307e-01
-1.688414255463156488e+00
-8.189632169978253717e-01
1.174739565442662892e+00
7.372778028629503044e-01
2.853526539481539892e+00
5.675629454905740667e-01
-1.336255916713153580e+00
-1.070574172056813378e+00
4.079924075326651689e+00
-2.469407884998239933e+00
3.443583949409487310e+00
-2.415041925197597195e+00
3.405354582952603848e-01
3.724373964207629673e+00
1.893975184189714778e+00
-1.826214249013239144e+00
-4.668755110257784557e-01
-3.680272388583535198e-02
5.002414725805687246e-01
3.152527095938076895e-01
8.337321157107520975e+00
3.425421121236988942e-01
-1.163436200031680468e+00
2.301255065372172837e+00
-4.783328812081489301e-01
-7.853846473901665570e-01
-2.466851376392549811e-01
2.125133768965715986e-01
-8.019500851482417314e-01
4.057803845792446462e-01
5.426749636999076420e-01
5.440625204215010058e+00
-1.435661509500997912e+00
-1.362359295453953179e-01
-1.751836749635272139e-01
-4.048175560597638833e-01
7.903553525776978450e-01
7.381170871210346318e-01
-7.938739733034995139e-01
-9.049954433417100041e-01
-1.259352192596922659e+00
8.092665074131453196e-01
3.169242664676857890e-01
-7.737892521259618350e-01
1.915946393285419824e-01
-4.568994110787941709e-01
3.188581290985523231e-01
-1.241363378057878775e+00
-4.988555367288091680e-01
-1.227186723027452464e+00
1.169872362947635525e+00
3.534674898991200798e-01
4.073522367319498905e+00
-3.432458855999537817e-01
-2.635731310933807081e-01
-6.421719288234061240e-01
-4.811101839368265298e-01
5.232899858530831727e-01
-1.100762752060316263e+00
-2.916546575308554545e-01
4.608916995392545735e-01
-2.687553365569154140e-01
-6.940086853720186522e-01
-1.040876945069387993e+00
3.658177226762110212e+00
1.547038870031693270e+00
-4.017047442979476912e+00
-1.435509115093646981e+00
-8.420907967137812866e-01
2.255684185426486188e+00
1.293696533633068801e+00
3.122749501875692890e-01
9.412591440292542577e-01
-6.910877030480346850e-01
5.186080212046241533e-02
-8.938910856308143194e-01
1.540343507131288481e-01
-5.963647893872283667e-01
-6.780532283774139968e-01
-5.428008910922287322e-01
3.052643601977499954e-01
-6.104660534545393036e-01
7.870911161869442729e+00
1.025408466998464219e+00
-1.472724578316615629e+00
6.257112339704862247e-01
7.219603651816410006e-02
5.834229451539552080e+00
1.821328825143646135e+00
-5.393051962223029960e-01
2.392683144853098742e+00
-1.781668466158109476e+00
-1.576490399051274194e+00
7.745691593427688204e+00
3.428971789525070868e+00
8.851929316148321458e-01
9.021224690570285587e-02
-1.766674720738696136e+00
8.492950378155121605e-02
4.163145477891747603e-01
1.271329767155564006e-01
1.793610341868657310e+00
-2.738252133138832645e-01
-2.068941448899948299e-01
1.205982386961697017e+00
2.735275356768894217e-01
3.373126475328713236e-01
8.345996764665505330e-01
9.348703053356658410e-01
4.050761289475252602e-01
-5.482187273161970298e-01
1.823633386924877753e-01
-1.375638689342021825e+00
2.162964590320727520e+00
-2.325956312370116019e-01
-8.952912145109269693e-01
-2.261088126981717572e+00
-1.791973131525140817e+00
2.158681729406260463e-01
-1.658261345712066737e+00
-7.767163397465476349e-01
5.687247231938912240e-01
-6.969224742121282734e-01
-9.261200492836579867e-01
-6.444904418621550946e-01
-5.119156800881573544e-01
-1.189923621201909726e-01
1.626180614344841624e+00
-3.906873036191846893e-01
1.820710386481710907e+00
-2.580744298198868747e-01
7.729963426142425487e-01
-1.424450906108523984e+00
3.143391971246272676e-01
4.802528115984390222e-01
-9.067229188187432287e-01
-1.565396249629022130e+00
-2.777625210990583682e+00
1.672806388693835578e+00
1.698266001200985087e-01
-1.834072467676746698e-01
-2.673570622508168459e-01
-8.502940496899110689e-01
1.324935027215228711e+00
7.276172085278874435e-02
3.066460098098268416e-02
-1.163319252661952241e+00
2.084703043545431456e+00
-1.402815982517128024e+00
-4.074459369593455005e-01
-3.431417954391478897e+00
7.604486793716118687e-01
-6.938683427729164244e-01
2.278807106622826595e+00
2.276836186895644598e+00
7.909900118764340293e-01
-5.785118339974565371e-01
1.470267931919743809e+00
1.878332241318866780e+00
-1.226929388619737882e+00
-1.512189778660662398e+00
-2.746265663779350330e-01
-1.103814227119203961e+00
3.348339180728727715e-01
2.033809296758021468e+00
-5.598631198743505566e-01
6.003387714703788403e-01
-4.652787164866177827e-01
6.970941622960183937e-01
-5.133865916005297264e-02
-1.068393816169093125e+00
-2.052775286779605635e-01
-2.871960842152352922e-01
5.662139491043254313e-01
-2.076812376806136395e+00
9.815606258425486896e-02
1.320493638130737724e+00
-2.470870815485052274e-01
4.312699848945600323e-01
6.053805202314305189e-01
2.126868409836274676e+00
-5.915366270728177334e-01
-2.076688828678389248e-02
7.177722197511922086e-01
-1.369337353387831469e+00
3.518522064560507534e-01
3.628708692796313029e-01
-1.366049476195985157e+00
2.041128333261921224e+00
-4.131874333573669622e-01
2.267812597333817237e+00
5.252502821384404719e+00
4.571584386090360219e+00
-4.138071322626434290e-01
2.394387361314902929e+00
1.841413668233848888e+00
-7.374391025962837576e-01
2.184870129003564365e+00
1.029613884250710099e+00
-3.467408648659302539e-01
-1.329540332107500999e+00
5.121377412482189806e-01
-7.281168157657071094e-02
-7.546081048880304287e-01
2.830721152515519590e-01
6.719212912247082281e-01
9.844470957145744494e-01
2.001577303059773438e+00
-1.500783091116011825e+00
-6.203618576242332372e-01
1.546172451679489024e+00
1.287994384077427279e+00
4.132582592657478848e+00
8.106232625508916101e+00
9.827999582226955022e-01
8.955821627992615053e-01
5.667257874592182887e+00
-7.129816436913898325e-01
-5.741673098872600578e-01
-3.084928777846425163e-01
-3.607919686068786214e-01
-8.240853291982225270e-01
-4.010661054602387421e-01
-1.239199640781687567e-01
2.574068771589457238e+00
3.404623507328877086e+00
9.249839117483578121e-01
6.940002719970289613e-02
6.437654136358503809e-01
1.082810576242099643e+00
-1.491662295194194909e+00
-4.947267216370770382e-01
1.258625654064197796e+00
-7.945680839644849724e-01
4.248187535566006479e-01
1.944641346316172248e+00
-3.704857853130156808e+00
4.289610722895396272e-02
5.034523282070552774e+00
-3.694506047739298804e-01
-8.815107240805438726e-01
6.582417886204908974e+00
8.737173363383137215e+00
5.993404981935950282e-01
4.790974881245909089e-01
-1.709524387508726539e-01
-8.931520418442085996e-01
-6.257743892066106595e-01
1.418982103117338189e+00
-1.076348193097510286e+00
2.294442162643065775e+00
7.932141279808895273e-01
1.976826575485537862e+00
-1.060294081784222575e+00
-8.257920053590249720e-01
-5.625627533072167230e-01
-9.837923481581594132e-01
-1.881221787914315324e-01
6.671841399689812935e-01
4.214412131098850267e+00
-1.390789015513877180e-01
-6.999691575458684145e-01
4.905534498288457002e+00
2.373394999974506092e+00
3.562219833430026461e-01
-1.237337473852614833e+00
-6.611720431054772806e-01
-1.178305142289924445e+00
-9.865440128883871118e-01
1.979909144781952346e+00
1.213845161808511763e+00
-2.656288116319340670e-02
1.389719526409551875e-01
-1.502262952713307564e+00
-1.128380162078021387e+00
-7.124193284632124312e-01
9.469222640729564322e-01
1.247478566487672413e+00
-6.306227048256735079e-01
1.200710707271639865e+00
-7.071236154533182550e-01
1.234281292517729750e-01
1.275981190289792844e+00
4.988593238906474658e-01
-3.330598485032929990e+00
1.106110986998937840e+00
-3.215625308448206154e-01
1.360747111371502172e+00
-3.171697255325573561e+00
-1.490885679789304197e+00
-3.772585757839677978e+00
-1.183935379125278464e+00
-3.048348645388577749e-01
1.440537537586467076e+00
-9.511426541446266203e-01
5.049380087037856901e-01
4.803756675532812603e-01
1.598169280055138808e+00
-3.395704224775081825e-01
1.564048753512691237e+00
5.989200953447467057e+00
1.548908920368940734e-01
-1.949840818789526087e-01
1.729079845565112752e-02
5.748404975352755519e-01
8.030567236594217118e-01
5.312454967102829828e-01
3.481025286241480887e-01
-5.609363980578293551e-01
2.266221874219609855e+00
3.810561827986445493e+00
-9.061225084143770259e-01
-2.406137833163451312e+00
2.248898244331666074e+00
3.446241379014201578e-01
1.565452317750034350e+00
3.486418330786969833e+00
3.663787880451402912e-01
5.226566915358119569e-01
-3.140546434230394590e-01
-9.167363047432635081e-01
-5.766644829826671204e-02
4.514020661004394253e-01
1.000595647834331636e+00
2.346129424556768206e-01
6.436606844279584294e-01
-2.675104304817187195e+00
1.274793402385935970e+00
-4.794846396835341640e-01
-5.046478764196922207e-01
-1.216655186559983282e+00
-3.243739841438452842e+00
-2.224458016806582228e-01
-3.585109984889151225e+00
9.416548013810782658e-02
-3.550202055159770165e-01
1.762808939838961253e-01
-3.575030898105036048e+00
-3.863837398302188419e-01
4.615284125801155657e-01
5.159104773865703653e-01
4.944121167311178233e+00
-1.184915433102788462e+00
4.526444839139417420e-01
-4.127894010038366979e+00
4.399110591388907254e-01
2.035595421699541441e-01
5.027086519499571748e-01
-1.520421071983384942e-01
-1.080377338647293239e+00
8.284638700556543056e-02
-4.157948947037002352e-01
5.260842117079240765e-01
-1.263099526095417868e+00
-1.693556601635611836e-01
-5.568705115347221124e-01
2.147077043734607615e-01
-1.666586497594825689e+00
-2.052630375478759372e+00
1.256658201896499127e+00
-2.093959199142326089e+00
-6.159825321664105235e-01
-1.605416173631918353e+00
-9.900978187840878686e-01
1.750687572320104968e+00
7.870696351849185701e-01
1.009804731219270835e+00
-6.785525136208020447e-01
-1.044767917318468187e-01
2.646306001112465767e-03
9.497004602109005988e-01
3.090953067103928142e-01
1.684447686144544543e-01
-3.830675657728103145e-01
-2.198452548272081586e+00
3.923006533686529962e-01
1.853146242610905103e+00
1.074923102800433794e+00
4.450326843384765918e-01
-3.082511079603366122e-01
9.072674130274055448e-01
-5.746023791219633248e-01
2.175433237366764860e+00
-2.708452252425718187e-01
6.119681338724560771e-01
3.176108182223082999e+00
-1.127223263414817378e+00
9.653648390019380354e-01
1.824973992648735444e-01
-3.139515205930507591e-01
-9.987229767272645109e-01
-4.859423956986778231e-02
-3.661400004705063216e-01
9.394423932410839173e-01
-4.093678433294752894e-01
7.903412271643454057e-01
3.806196167864044910e-01
3.594857953105587978e-01
2.037321668532292296e-01
-4.238976500194776426e-02
-2.180548651546938554e+00
-8.269443263814731937e-01
-1.517186826418507994e+00
-1.099645141014728988e+00
7.445576475760714574e-01
3.930416287883204074e+00
-1.405812638935507730e-01
2.899697175485398848e+00
3.535670137217799547e-01
-3.567022708630567807e-01
1.100670552145355474e+00
2.611827454784846125e+00
-8.741835078948093640e-01
-2.331896976023953294e-01
2.726790235958324524e-02
-1.113893964668132952e+00
6.525226701868537538e-02
-1.918040067730445164e-01
1.685385101708798627e+00
1.218015361552739817e+00
1.398119938000271567e+00
-1.297358661418671899e-01
1.661860909285678076e-02
-5.072074283971941266e-01
2.671857011893564726e-01
1.590564465636336466e+00
1.707197459466985867e+00
1.525446718241930899e+00
-3.036973501961148791e-02
2.555708961548919245e+00
3.365789228444142078e-01
1.164990085253470919e+00
7.899465999183583609e-01
2.109715160759982666e+00
-7.298328999821607210e-01
-5.991135692217253172e-02
-1.488664380646075980e+00
3.756527686176851927e-02
-6.322729096152761574e-01
4.659154502858394165e-01
2.412094528360361201e-01
5.162591820564449430e-01
3.973263568495580267e-01
-2.788385787147038553e-01
1.418296073605004315e-01
1.351486138774813162e+00
1.385024843261234873e+00
2.762115465294938232e+00
5.398037828554991258e-01
5.502334294084916699e+00
-6.445371741112485564e-01
2.518476634470602438e+00
-2.729102976512456369e-01
-3.107930218528945354e-01
5.080980535629366912e-01
-3.050437555093660214e-01
3.759811456387299078e+00
2.142402316724400624e+00
-5.069497450368574132e-01
-6.834167903728596283e-01
6.653097101239070776e-02
7.726638062610486912e-01
-2.388167422022745789e+00
9.926674480078588880e-01
-9.107767335142888943e-01
-7.842474583728049620e-01
-1.316283658404353796e+00
6.093871193219485782e+00
7.156090256686662876e+00
1.891350291431513619e-01
-1.471630808342314856e+00
-5.106434206541792253e-01
1.782569028806523792e-01
-2.880523594334887250e+00
1.507125920920238560e+00
-5.000191966810745292e-01
-1.158998190896020075e+00
1.267809607555634210e+00
9.443091628106956015e-02
-5.901113458277801316e-01
-5.365397534069118457e-01
-7.378610464096950761e-01
5.246702362596750158e-01
-1.247510023313054724e-02
2.536916295054846948e+00
3.636915046773408822e+00
-3.885136312118305235e-01
-1.306070965140444962e+00
-4.602660083959712045e-01
8.916809518555409708e-01
3.414857512462891598e-01
5.832418608543391558e-01
-2.392848993715242234e-01
-5.384857470701301940e-01
-5.367929900791048592e-01
-3.842988401171325563e-01
5.971251075111120299e-01
9.005531909533259771e-02
6.751793500878046084e-01
-3.742720618095685681e-01
-1.692099595849293481e+00
-1.403345202949559889e+00
6.500457467833267167e-01
-4.900483946172016214e-01
2.075212366012751108e-01
1.146415159008362883e+00
3.493272733050730161e-01
-6.978715155121536506e-01
-2.282840175186515164e-01
-5.196725006275974834e-02
6.844707553190515492e-01
-7.755766996802825330e-01
-2.440786626865802944e-01
1.024505086849330782e-01
6.672334864224847839e-02
5.582440194277255019e-01
8.650073300361990070e-01
1.449636554320249404e-01
1.410179441803821820e+00
8.609788089812836498e-02
8.472881321326890258e-02
-1.888592690954445652e-01
-8.271662139114733803e-01
1.304529217561952448e-01
-1.138984663624106192e-01
-6.415147858268005487e-02
1.431760429260735545e+00
-1.244451651268040582e+00
-5.389622078738753874e-02
-1.639100839781857388e+00
-9.378040676023519095e-01
-4.454742717370537286e-01
-7.423609420615632226e-01
4.151919113578430021e-01
2.545598385775079131e-01
1.614772564174279390e+00
1.769297521111716509e-01
2.224695023059302668e-01
-2.305944443312934675e-02
-8.459881033025061503e-02
6.483026025372186085e-01
1.964531053463207000e+00
-2.629729774344736204e-01
-5.875685626175765064e-01
1.340823135793225707e-01
8.641727347496014344e-02
-5.076609730046294233e-01
1.187189499588209740e+00
1.422521593486973379e-01
4.953694595047983262e-01
1.204304962612158469e+00
6.397775558697961495e-02
2.046799155361133521e-02
5.668722579801992456e-01
2.193566564024626298e-01
-6.397264903896284771e-01
8.527119217731405909e-01
1.542454150230233301e-01
-9.579179736181828719e-01
-1.106637530901239064e+00
-6.386543189200981629e-01
-8.621839631633292367e-01
-7.156144095403352834e-01
-6.017675994360925651e-02
2.186000400325522897e+00
6.358327819143706483e-01
4.766120509712828412e-01
1.291104436892861473e+00
-8.918454075213921861e-01
-8.866027939175520622e-02
-3.205203150547498159e-01
1.735972026769616039e-01
-4.848147237613736338e-01
-6.474076054611106468e-01
-4.278003585690658972e-01
-8.817618955818703474e-01
-4.246772216317319937e-01
2.830109771709004463e+00
2.551395132736862248e+00
1.410618719253701192e-01
1.928991500390680791e+00
3.022369865489229035e+00
-1.398295121869306545e-01
1.124116128020776983e+00
8.975097383321108124e-02
2.575749222203162214e-02
8.829891897101919129e-01
3.927849998081249794e-01
9.461552763456209103e-01
-1.754352201561020230e+00
6.428688280131407140e-01
-5.109500931744365149e-01
-2.537771102575045457e-01
-3.094610044004225125e-01
-1.737573112229503225e-01
3.100522798339960806e-01
-1.678605015779285892e-01
1.085996829938016689e-01
1.251859439130600604e+00
9.672997417329939340e-01
-2.247793798996053916e+00
2.414413425146372472e+00
8.490273351964972015e-01
1.037954131646477984e+00
1.273620643766934624e+00
3.072008714049879186e-01
-3.727520195339878439e-01
6.572784608967311426e-01
-4.891622828914598542e-01
-6.559501095036714968e-01
-6.614350849017530676e-01
1.597832677887166319e+00
6.558329902949809886e-01
-4.718902120219556906e-01
8.302242492192407619e-01
8.796876248699430079e-01
-1.026621441981859340e+00
2.778865958507085315e-02
-3.660469018457269685e-01
-2.181696082519187785e-01
5.198683378203293737e-01
1.787444603812057276e+00
5.781939217432905398e-01
-9.070692220695268926e-01
4.509651289717712119e-01
-3.971145149606514768e-01
1.196896937316670462e+00
-1.374738627086137255e-01
1.149292352958949798e-01
5.617990629213801546e-01
4.861364165267401560e+00
8.381733051994697328e-03
-5.382677191719723586e-01
2.099252842287602228e+00
1.076698816126621244e-01
1.942307431740276868e+01
2.917373028010205260e+00
6.861519555890099875e-02
1.818994029232704257e+00
5.673888995023955717e-01
-4.471397471002268031e-01
3.355557569822356090e+00
1.482986395449695127e+00
1.012185499092282059e+00
-5.278534377607400074e-01
-2.758627080864634040e-01
6.449245098596532999e-02
9.011582180305647283e-01
2.168062168646270216e+00
-5.307606952218484331e+00
-6.494842371359565991e-01
-3.144278140654185094e+00
3.924103080616930805e-01
-5.355002461940021607e-01
-9.950369080865385796e-02
6.535063014180935159e-01
5.830672031155684776e-01
1.429364799757068261e-01
-6.123840942887128803e-03
5.606284954847070567e-01
4.395858639220428521e-01
7.268801737111221684e+00
3.383110717558778791e-01
9.728753095071813739e-01
8.993194074670213256e-02
5.875613590488552029e-01
-1.357261298471418742e+00
2.025929462104425038e+00
-4.656753606931461342e-01
-8.632314195614386731e-01
2.000656622087122471e-01
-1.196777241858461016e+00
1.783593203887910317e+00
-5.880740102202658415e-01
-4.060713235658402809e+00
-1.741254415604767958e-01
2.027870983059734122e+00
3.347657016153885445e-01
2.937420131196074105e-02
2.185311820505376534e+00
-5.377468339309406931e-01
1.240914760615005497e+00
-3.119813123275609890e+00
-7.653752288194759501e-01
1.328043130393795623e+00
2.260555562612424629e-01
-7.884879607548859193e-01
2.963985457702532356e-02
9.173976072072586030e-01
-1.868752750753736702e+00
1.377159414711986551e+00
5.062353552739529139e-01
-2.267393031913513268e-01
-4.234788835996662892e-01
1.958741597526465705e+00
1.228154889168353359e+00
7.530607584450765835e-01
-5.804568204996717329e-01
1.031699404857143454e-01
5.431325474476824677e-01
-1.253859292300292250e+00
8.904872958716714137e-02
8.963915297441127361e-01
1.438083074236066405e+00
-7.011322189259606708e-01
-3.775818175844815050e-01
3.390258945116678024e+00
-2.060336156693106102e-01
4.521753411110369936e-02
-7.584319001509906011e-01
-3.488616674951774410e+00
4.641790081712016680e-01
8.191134177399511662e-01
2.207541806259074590e+00
-9.423390252847053672e-01
-3.534061354004742195e-01
-7.903809702492200495e-01
2.548529010698623032e-01
1.110684198827773944e-01
-2.442917448990135298e+00
4.975660455044421115e-01
5.755680414388387733e-01
-1.028730239652979189e-01
-2.670508769540708371e+00
1.680159818158680762e+00
4.985386756763771632e-01
2.143824667521353200e-01
-7.254204219640641993e-01
2.070674806769436660e-01
-8.091397162420931322e-01
-2.293934592149584339e-01
-1.244833721485197220e+00
-8.042895727923985438e-01
-1.088360011118313819e+00
4.616117738419637795e-01
-1.225054383097630595e+00
-1.887333347949735340e-01
-1.062374701234886532e+00
1.473810017363403890e+00
1.264560188656868034e+00
-2.314714261494378034e-01
2.364262764618635382e-01
1.910722133959944502e-01
-5.831151290068369714e-02
-7.996739988885295247e-01
6.992862257312741289e-03
3.726595380561368298e-01
6.093024786404848125e-01
1.834720829361081273e+00
1.606044796468371283e+00
3.964476295717684479e-02
1.259885919874286886e+00
1.060943497310802730e+00
-1.071497990838233161e+00
1.849897283700718542e-01
3.871631084098846043e-01
-4.157271511285844379e-01
-9.381017389111832860e-02
1.400701090069382104e+01
6.792023997458963569e-01
-4.519748020439910974e-01
6.542094088934155005e-01
8.605741907683178704e-01
2.792930131316861408e-01
5.616145285378422169e-01
-4.702029249659289700e-01
-7.146359471454812873e-01
2.254402281717911016e+00
8.253786984409923200e-01
1.376783021819167008e+00
1.742062705837732706e+00
2.735987711762117858e-01
4.297053604918353309e-01
-1.881302025680455570e+00
1.707387435299452916e+00
7.067272611488174539e-01
2.109970653777187177e+00
-9.564146103084644190e-01
-2.649300581246727404e-02
-2.969016909542421812e-01
-2.968566466218108477e-02
2.874426381376443684e-01
5.082886369276470084e+00
8.587356278487427996e-01
1.709838574163573266e-01
-9.600895848942205824e-01
-7.655472167859081467e-02
1.380707575668073117e-01
-6.166794880239910848e-01
4.291888923942054346e-01
-9.195520422691293438e-01
1.002395623101897948e-01
-4.066215848621907991e-01
-3.696142070371673527e-01
-7.098647177895717197e-02
1.694070034566250993e-01
4.323892680930769283e-01
-2.404598936698035816e-01
-3.006142119718858141e-01
2.685048226018925122e-01
5.083880371773231710e-01
-1.821275523388967976e-01
7.377129471436316699e-01
5.287461794428813810e-01
-2.929891368780515037e-01
-3.180603791947132830e+00
-1.384346937416543466e-01
1.082878358023230264e-01
2.207176052528244004e+00
-2.902386621484993157e+00
3.160143646762288983e-01
2.412636558821725785e+00
-1.310289874688413514e+00
-2.747889806808838029e-02
4.958468420042514979e-01
-1.091554409769616596e+00
6.870018037303323721e-01
8.659136144250442757e-02
6.003660228127428722e-01
-8.214073249584966652e-01
-7.451522047430378937e-01
-6.396103979884267821e-01
1.454180117652625892e+00
-6.982786325291159280e-01
3.781374291527325737e-01
-7.931563712686048317e-01
1.386994300217803122e+00
-1.946224249992383193e-01
1.878242275284033314e-01
7.116104068817892259e-01
-6.480247465044183808e-02
8.849726658100347532e-01
-1.038677033702182229e-01
-7.827485528069161314e-02
2.601196565593319465e-01
1.828013931957855609e-01
-7.247705414417685010e-02
1.512638184458771073e-01
1.532326069137451563e-01
-3.153205834623746262e-01
-3.404166014210990854e-01
2.558298963760081701e-01
3.309801619602145695e-01
1.217614911444062642e+00
8.112654497940844367e-01
8.931106109382879188e-01
-1.150894605247776703e-01
3.499556538757818136e-01
1.514328494860880836e+00
-7.888604404886579990e-01
-2.576716134639552847e-01
-5.303594619759190998e-01
3.101071874120073790e-01
-2.094528271567588917e-01
1.067315987989135184e+00
-2.971646389644869157e-01
-5.875253896587102620e-01
4.176962438316461079e-01
2.165055291074258648e+00
3.196461899498304060e+00
2.826676403685765226e+00
2.479600062000754335e+00
3.784076955713236767e+00
1.061197055454210592e+01
1.624842249459482080e+00
9.813373975036595101e-03
2.297780991797285233e-01
3.883652593952457988e-01
6.287319794403315676e+00
3.254872884729203442e+00
2.064854348474162382e+00
-3.427992890968244999e-01
1.644298640384181276e+00
-1.505207338078551338e+00
9.821848047378116675e+00
3.742150811125335985e-01
4.401102701945989182e+00
-1.231259490982966387e+00
1.136972099894065086e-01
-5.121876322866388831e-01
-9.671305748720281370e-01
-9.606323723446869023e-01
2.045594316812732738e-01
1.062093373034810107e+01
9.367411115236963681e+00
2.349818765549265009e+01
1.623683504125691712e+01
4.466006432786606140e-01
4.410282155952544692e+00
3.545642808349495745e+00
1.299614403106409632e+00
-3.696670745319167173e-01
-7.462003744570841479e-02
5.684908927890469421e+00
-1.417773925052614459e+00
-5.250521616816627990e-01
3.480200343859366718e+00
4.111696333690661453e-01
2.635754419348073974e+00
1.178168142453348777e+00
7.611133626129187313e-01
1.151405561001801470e+00
-5.191341770709229086e-01
1.717887674362012396e+00
-2.232610066205936716e-01
-2.201713657274410707e+00
8.428890583258007441e-01
2.531318042840537963e+00
1.610864509667893962e+00
1.593200134257965583e+00
4.387819872934333176e+00
-1.212536956330596771e+00
2.911767536060538397e+00
5.988843669396615610e+00
5.042697205825700912e+00
-2.824664211730318342e-01
1.543524951681863655e+00
6.252600144125767478e+00
-1.684341031911118280e+00
2.369019503310517472e+00
9.112630962889531894e-01
9.208367407814191941e-01
6.442024710809609589e-01
-1.078020346489155651e-01
6.892611224634043188e-02
7.063101758250762696e-01
7.428809895906220984e-01
1.197338062008131754e+00
-1.744826549271802696e+00
1.467391229628849103e-01
-1.341835548900519592e+00
1.777789342976873854e+00
-7.825850450605730479e+00
-1.165195815526786360e-01
-2.332917080410936150e-01
2.599705371369203544e+00
-4.478456470879706997e-01
-1.984852124331070611e+00
-2.230597893976940860e+00
1.363004637298446342e+00
-8.882181325591236298e-01
7.697455022457819318e+00
3.847448455763867070e+00
-2.474718441222713561e-01
8.958197491886555897e-01
-2.194496881100660990e-01
2.964238453786053107e+00
1.355475576105688029e+00
2.899215974808471707e-01
-7.296743991447036670e-01
1.701931596838906768e-01
2.290202565334547913e+00
3.029696580171916537e-02
-4.048566937887310146e+00
-1.338985452214984218e+00
-3.835904949474298054e-01
-1.812604309351354637e+00
-7.826436450788966104e-01
1.098774924660127272e+00
2.691634105328986060e+00
2.141219085558519197e-01
2.503809041799938129e+00
-3.345432773392980480e-02
1.497450426661745659e+00
-4.074773958670775409e-01
4.363498469265250645e-01
7.987798743479491703e-01
5.400222149061666421e+00
3.331231848958903008e+00
7.621994084407263115e-01
8.448401613506109076e-01
2.859550480702171438e+00
-1.007302582088956400e-01
3.670562072686853750e-01
-4.738016010231253516e-01
5.706912310879516115e-01
7.423238485430796452e-01
6.414797321549179365e-01
-1.283141315468392385e+00
3.045013781166821420e+00
-1.486407668144447136e+00
1.775889073023372289e+00
-8.125205193947865334e-01
-3.696471524568890610e-01
3.639791597898670350e+00
-3.462424331700588720e-01
-8.156423185014449739e-01
-1.811541395059371451e-01
1.141384227278569474e+00
2.595490527698945282e+00
2.476103520083727361e+00
-7.103561388734527249e-01
2.411294247671307289e-01
-4.215128124639163643e-01
-1.411541495465336027e+00
-1.129005315861599246e-01
8.144005171918049513e-01
2.593577890591992396e+00
-7.268300900506531326e-01
3.635572638021149910e-02
8.924716506520073700e-02
-3.217857102967033867e-01
1.539142790349612788e+01
-1.400878881284189637e-01
-1.091175636823693784e+00
2.679244336592663811e-01
7.391810608730791543e+00
-6.778657927706228936e-02
3.289327607636165496e-01
-8.525721899441317531e-01
-5.025385271750129057e+00
5.124538621941472805e+00
3.782183460493851790e+00
-2.685451040114762988e-01
-5.760734965002023422e-01
3.358562500982792187e+00
-1.676612522043079145e-02
2.307655387258463087e+00
-1.646386992386926762e-01
8.595615016598792124e-01
4.141904030039409434e+00
8.334619749368782360e-01
4.544053953859889639e+00
4.010251364128146534e+00
2.512672442683542950e+00
1.397070236721827508e+00
-1.356329625154846674e+00
1.900328153895501693e+00
-7.360320619520670515e-01
1.789190332819477369e+00
-3.223275559326315709e-01
-1.099296121200509901e+00
3.693990477571469810e+00
5.424097758495249444e+00
2.291277795990858124e+00
-1.513153588552995921e-01
3.743235937729061935e-01
-6.793107322684664995e-01
-1.142251978470639751e+00
-9.584198323340064052e-01
3.392296422595282301e+00
4.551822063867642654e-01
1.022832694427644817e+01
1.454345721975286665e+01
-1.989658594755059351e+00
5.565626419751907861e-01
-2.636794197472556167e+00
1.374193839471499867e+00
5.929822996227658294e+00
6.670507428994834065e+00
9.094119340146351593e-01
-2.710973336272674561e-01
3.224529139103552211e+00
2.017589704896618930e+00
-2.357693773271111404e+00
1.602332766335216041e+00
7.351006557151641196e+00
-5.449459750655994972e-01
9.044466383585735514e+00
1.742940979689581171e-01
3.782542138711076252e+00
1.792901053769307140e-01
-6.846039471559309808e-01
-3.213390705407445092e-01
2.968132011525166369e+00
2.957793584797437259e+00
-1.599318718594767486e+00
1.060102673720294764e+00
-3.845247353903858745e+00
-1.212754867419941485e-01
4.250257428441120422e-01
-7.196493607191088993e-01
-4.731126359296073502e+00
4.836285064495837283e+00
-4.473457686914416032e-01
-5.942056608878157897e-01
-5.789240861308466712e-01
8.858186022142394700e-01
-2.042603336976288819e+00
-7.906068280801388237e-01
1.283836990926889854e-01
-6.753308341771264711e-01
-1.537907870701394675e+00
5.368178104208882750e-01
-1.197210945591494768e+00
-1.610908185562603956e+00
-8.075534037152346523e-01
2.903626736218052340e+00
2.196854167138343694e+00
-5.011028226735578794e-01
-8.814862280960404917e-01
1.046088423969553233e-01
-1.012421985463668461e+00
-8.372834438613748764e-01
-3.656973402655197547e-01
-2.588644844009679313e-01
-2.940089686623416743e+00
-1.067294622094706158e+00
-3.108352495266807347e-01
1.366142420210223918e+00
1.562760951973626966e+00
1.141338956062576182e+00
2.290802344400408863e+00
1.255396373715073066e-01
-1.790099237160310164e+00
-6.408699855157145020e-01
-1.249838136633609320e+00
-7.032041651245041436e+00
-5.833136763123974999e-01
-1.109036455111412911e+00
-1.206551475518714556e+00
-6.635347697281659407e-01
-6.680907700146268446e+00
-1.450075365028173913e+00
2.058477817299313867e-02
-2.522619043798466354e-01
-1.322322548396982073e-02
-4.364535589385775127e-01
5.242932898610124653e-02
1.208230685616480837e+00
-8.572780954824794630e-01
-8.744049845391942410e-01
-2.713739955446731411e+00
1.480104470549456208e-01
4.578559587594642766e-01
-5.655743953833317628e-01
-5.074727098701585781e-01
-1.137641022435573301e+00
-2.744570743665890156e+00
8.627853222532428923e-01
2.196219481424554143e+00
1.295387915081794183e+00
8.464552463661784154e-01
-2.131295951658998544e-01
-9.464989596716659737e-01
-6.734288673858478402e-01
4.562625464863895530e+00
9.118449636815050274e-01
-8.976818111225242092e-01
-7.571924825627536215e-01
1.339524031489709222e+00
-3.355967578145676589e-01
3.391262263910681529e-01
-1.533490998259850357e+00
1.463185656651144084e+00
-5.707356989860568053e-01
2.092614450655040925e-01
-3.054846544027748495e-02
3.353618368839749730e-01
-1.556485920018785829e-01
-3.607102265611873415e-01
-3.238078589194077345e-02
-1.080358281600680259e+00
-6.155298094289649580e-01
2.021675654064458531e-03
-1.162973215669489191e+00
-3.447540079578753636e-01
5.126507368911249474e-01
3.505865268247060906e-01
6.338097270146799467e+00
8.400797618864455085e-01
1.503334880971561205e+00
1.124517143875986669e+00
2.222968899234019358e-01
-2.186540670771904615e+00
7.022852098896242845e-01
1.020731387321409001e+00
2.413147365379213927e+00
-2.447593265346617919e+00
-4.432086976103915554e-01
5.055168017429323424e-01
-7.273720874120145341e-01
1.242612083986062849e-01
1.782753136125032167e+00
1.621580340068624393e+00
-3.923702732260040404e-01
4.454710902242747794e-01
1.151161204428227558e+00
-1.800820447442184613e-01
2.361444955712161883e-02
-1.710884797252670397e+00
5.769420890724182849e-01
-1.929801657014532212e+00
-8.632400501164766426e-01
-6.404027350856531520e-01
-1.956424125699620653e+00
1.489413464636620388e+00
5.370596576956452317e-01
-6.406018143121831043e-01
-2.078589068649123739e+00
7.269787771971873092e+00
9.117022200178157565e-01
2.417454098405135365e+00
1.054189431912783359e+00
3.076124647039029547e+00
2.718662213607059841e-01
4.529288644473212777e+00
-2.029140673040388698e+00
1.737782544891291581e+00
-6.583606182401378071e-01
7.189064387025704272e-01
2.896284359349770909e+00
3.027611065232967302e+00
-1.156302887440953109e+00
6.719891934169514025e-01
2.144913236437033868e-02
-9.615006723185159920e-01
-1.043883185469713037e+00
9.578366403553832675e-02
-2.019037101643296472e-01
4.037552147986842588e-01
3.335926524382025082e+00
-5.293856901827140859e-01
6.908251723241216613e-01
1.711554068616066571e-01
9.718248065646023504e-01
4.290441181542271387e+00
1.512530712309143599e+00
-1.899386400022761989e-01
2.293878961115515480e+00
3.317761583164612116e+00
4.275074818415884437e+00
5.232283830755192433e+00
-1.831762672051770457e-01
-1.164900634986826500e+00
2.430097364074415456e+00
1.835773711049176193e-01
-7.859311122997130195e-01
3.463698884961355917e-01
3.835250735150216306e-01
1.835299194589958383e+00
-3.716007696553099704e-01
1.522810619204968408e+00
2.123029654303717262e+00
2.890251911415235853e-01
-5.792839454266655030e-01
5.166932971737912439e+00
-7.689112502638091595e-02
1.706251673751987830e-01
2.588535342330387401e+00
8.568129474187001146e-03
8.131808232646469126e-01
2.470289381799896322e+00
2.432223038941630833e+00
2.209212568890042139e+00
4.901965858458243175e-01
4.103122881761664398e-01
-2.917698164274224459e-01
7.864230268528956680e-01
6.882337060684329266e-01
-1.004395853465775312e+00
-5.678939371982095530e+00
-1.312713425078611884e+00
-1.799912431542641800e+00
2.136418814677818911e+00
4.315418165156471586e-01
-4.009514032601071420e+00
-8.265793680938032795e-01
1.756646604002233714e+00
-7.805734381660964227e-02
-7.351326696716642850e+00
3.007124923303587050e+00
1.936024876193979338e+00
-9.591458108134834903e-01
7.343526831070290584e-02
2.385151239852344229e+00
-2.221045183339525941e+00
-2.773593037504301639e-01
1.237196335458377261e+00
-9.178046695189485682e-01
-1.083839825952026992e+00
1.089286942859654383e-01
-4.315262051667371201e-01
-3.159324757384187610e+00
5.945743482218134313e-01
-1.985579014659785146e+00
-4.963780054639025940e-01
-1.499831192634908161e+00
1.111824629583125779e+00
-1.442071140819492836e+00
-6.631928138523789096e-02
2.503618981371847491e-02
2.698107548887012652e-01
-3.234467534932158994e+00
-3.039450849992368364e-01
-3.916195320402249713e+00
1.268740686116649252e+00
3.680467847830927175e-01
1.862375576298322510e+00
1.350267384367439316e+00
-7.423673415034153233e-01
-6.411799311426713111e+00
-5.607698960984078163e+00
3.658326422338572387e-02
-3.252568858121643314e-01
5.982427154244081002e-01
-1.218110336608215494e-01
-2.176206642945531788e-01
-2.953177238843343044e+00
-2.425540967355735766e+00
5.537296498186782268e-01
1.329832847292294618e-01
-7.292044342657653111e-01
-1.408023068172073122e+00
-4.102712526465277509e-01
4.681837517086893663e-01
5.201718388921064418e-02
1.313008557327536296e+00
1.084834309845443601e+00
-4.839924584654682616e-02
-6.895664105667344002e-01
-8.860717873728075622e-01
-1.432858488317104717e+00
-3.225271633095614376e-01
-3.201152845478204001e-01
2.212448187389020327e-01
8.402730187833142850e-01
4.177717179515182622e+00
-7.626586259436116677e-01
3.830240822611060025e+00
5.235892548593009010e+00
3.193608513921375458e-01
-8.238034287296085445e-01
-7.130436249289721085e-01
-4.583355005392350523e-01
4.267677320385958595e+00
-4.802501900224598330e-01
1.754281598343788717e-01
-1.173520979853909019e+00
-2.655198157454734087e+00
-1.036397557843824035e+00
4.780413084055677331e+00
3.671465348214302260e+00
4.560270125286826071e-01
2.045869283005985473e-02
3.511966308739469800e-01
-4.208489656937783319e-01
4.660941314939756608e-01
-5.639929124438577412e-01
-4.842304353698512642e+00
-5.415881816025005513e-01
1.436036370798480233e-01
1.221893460277262644e+00
-4.885686535244191941e-01
-1.095292633728089271e+00
5.223525717519723610e-01
5.240217173813639835e-03
-1.153730198780052785e+00
1.214721836278236100e-01
-1.232558431551475264e+00
-1.758800099006282980e-01
-5.675032594877140735e-01
-2.078813541467023018e+00
5.210999346786100439e+00
-1.456693765704697718e-01
-8.188140759539990210e-01
2.770502546079070871e+00
5.381857931441702547e+00
-1.112198682642526082e+00
4.517318601077644047e+00
3.691940948029533431e-01
1.789782612598544764e+00
9.870660147212342306e-01
-2.785571629273215777e-01
1.381900932398841819e-01
6.476188152156869826e-01
-2.760016206851794718e-01
4.992023071052826277e-01
7.138493885244013848e-01
-2.536118533554703625e+00
2.001855054843985737e+00
-6.979822525187437399e-02
3.389326529978971547e-01
2.285466194509616855e+00
5.414764201035579205e+00
5.561288833677976440e-01
-4.050869700071168644e+00
-6.884659863636280464e-02
3.592544456557275723e+00
-1.865774122671038482e+00
-7.210146561799612996e-02
-5.996236210970640190e-01
-1.315971452838889055e+00
2.048612187661102979e-01
-3.441561617289956021e-01
3.713826194644225809e-01
2.639844054742038759e-01
-1.470099134387597428e-01
2.455478199999668876e-01
4.009077470588680026e-01
3.207661770299722326e-01
4.273671291825336116e-01
-3.391010394814959472e+00
-9.383487921009162069e-02
1.509774916376755982e+00
-1.281274345649193458e-01
-5.200650247405181892e-01
7.392464498201218870e-01
3.634338613518139027e+00
-4.093792458999042511e-02
1.723582360113705692e+00
-6.397598202901331188e-01
4.572320202507731968e-01
-4.881714124545146194e-01
1.140379180270651771e+00
1.169212906289018583e-01
-2.441429588604705075e-02
-8.497208611822097690e-02
-1.896019343502664267e-01
-1.118564801987967705e+00
-8.183663777618280788e-01
-3.658765442556143999e+00
-6.564908518211076682e-01
3.347795057068592706e-01
2.367072157206425720e-01
2.506425507944549103e-01
3.325578310829461870e+00
1.224296551744190831e+00
-1.001172972643262993e+00
1.052381737485830471e-01
1.192410528947902337e+00
2.970139779321701035e-02
1.742607407181946177e+00
-3.520829303487347239e+00
-1.775490104877906150e+00
2.804896273961908215e-01
2.819872324056948099e+00
9.882223362474463757e-01
-1.200736596706752923e+00
6.018674794077378820e+00
4.795549915653767314e+00
2.732545586492518108e+00
3.340969684931652806e-01
-1.272468956248191396e-01
2.997370441311758338e+00
1.849265033706840589e+00
-9.723635559521689453e-01
-5.857576022282524608e-01
-4.384389719355555326e-01
-7.094956348895385956e-01
-2.302672360034959953e-01
-8.868481404539896307e-01
-3.213235590329063252e-01
1.003120386182156709e+00
5.024532984487167092e-02
3.237645088927358916e-01
2.605303198346364119e-02
-2.154352703416129167e+00
-4.030788450404417134e+00
1.029184837021525523e+00
-7.424664310296762437e-01
1.074117797197554069e-01
2.624695875942542056e+00
2.907236103876445488e-01
-3.289122371585633808e-01
-1.094459628738009838e-01
2.573423324493832709e+00
1.579709264384577816e-01
-1.209721123760385986e+00
-2.754339901339035723e-01
9.220096795060984673e-01
8.773106148202116650e-01
-7.748541656036574965e-01
1.259567536197798487e+00
-1.446659573279184485e+00
-4.657751430749603294e+00
-7.257036477299804389e+00
1.344789316501844967e+00
9.466758137270417928e-01
1.995085657416218350e+00
6.434654090956806183e-01
3.136249484999365844e+00
6.419430655887652826e+00
1.521891414525744723e+00
-1.409906961069901099e+00
-4.390113585843101518e+00
-1.220083877437273090e+00
1.246164553632338023e+00
1.718822141497809763e+00
-1.409821643193951868e+00
-1.903612002774923706e+00
-1.291005093297290962e+00
-5.500206900828969125e+00
-1.840586137427103197e-01
-3.603595021528435693e-01
6.972505239170249114e-01
5.440793113000755632e+00
-3.532264132044972804e+00
1.261802739180859723e+00
3.611109123391543108e+00
-6.826259674545032574e+00
-2.459745886844069140e+00
4.669849896914620158e-01
-9.064925567765964587e-01
-1.755306421854602728e-01
-1.337825895974947610e+00
-2.267818370676964790e+00
-4.219710802411323236e+00
5.652221715316824158e-01
-3.043747764836623126e+00
-4.769871662322875849e+00
-3.213787415462390773e-01
-6.888166986376426770e+00
-1.189982462216684800e+00
-1.072880354970468852e+00
-9.637713625888152946e-02
3.740819080227992366e+00
2.794554700048422546e+00
4.494590416449091297e-01
-2.599396705393795859e+00
-6.169009516274341909e-01
8.957748651395111006e-01
4.834377186609142840e-01
1.790267112524144555e-01
1.133177626376760561e+00
-3.821499393295846314e-01
3.423762156186191397e-01
-4.020325031846326835e-01
-6.746939838625797492e+00
-1.164288124034404126e-01
-4.050465279495964133e+00
3.401460090134071024e+00
2.138757868007303387e+00
2.572409718885631857e+00
-2.056683022423854812e+00
-1.910878818850655358e+00
-4.752144898816343943e-01
2.686587327117694546e+00
-4.538426900348639381e-01
-1.336808653316549300e+00
1.823984307933724125e+00
4.386820919813401165e-01
-1.020228606711825331e-01
3.819759305039435171e-01
-3.521545781562017141e-01
-1.382917164715789626e+00
-3.982546778443061708e+00
6.807659705334319078e-01
-1.582964274318656273e+00
-1.816018915146204948e+00
1.203512046033875071e+00
-1.913032845205850485e+00
2.036219369611154573e+00
-2.373916087174081202e+00
1.075660012220132494e-01
-6.934512963024979104e-01
3.434960747298002826e+00
-2.857480756099597841e+00
-3.684281632960512143e-01
-6.330352911333573251e-01
5.448163829164796162e-02
4.486874479758891643e-01
-2.446970866039335668e+00
-1.026555010819414138e+00
-3.687501187442704609e+00
-3.488376299977713924e+00
-2.290339802779456146e+00
-2.055173648566995803e-01
6.343844039984475325e-01
-4.914457985398427708e-01
-1.669861660754065946e+00
1.647839735799101701e+00
2.040287444243181980e+00
-7.897288549358978393e+00
-4.104267545672330431e-01
-6.197665516806640795e-01
-2.566667490266392182e-01
6.294153401366031804e-03
-1.874192914219447115e+00
-3.324376107812203607e+00
-2.432936945469532208e+00
3.087562847178648706e-01
7.887660832466050209e-01
-3.992663796750733241e+00
2.293165608292149771e-01
-5.804449551201256163e+00
-8.161418053387452520e-01
5.203760048125850163e-02
1.035645699238635364e+00
3.476401227591757043e-02
-6.590388110879854544e-01
-3.684150494040032697e-01
-1.213350850781136803e+00
-2.402355483129805958e+00
-1.266667241164080249e+00
-1.053238408207452403e+00
1.913998588738682560e+00
-7.036621504747445632e-01
-1.964034529619844982e-01
-1.007771045260662968e+00
-8.460578171905046296e-02
-1.995136407638277820e+00
-1.924745963703191065e-01
7.259001104934562854e+00
-1.513030648638775399e-01
-6.275043012385022045e-01
-1.725466530531071518e-01
-2.755199349745903747e-01
-2.974277240815647705e+00
9.255772630617831176e-01
-6.547064804506625979e-01
6.607927159802139627e+00
4.726521128878720668e-01
8.656034442128532347e-02
-1.380292930541628715e+00
1.641162196467037093e+00
-1.136585962921705883e+00
3.581664003859239553e-01
7.847332973096761144e-01
1.052869848946626496e-01
5.152331536680597068e+00
4.601467113073305915e-01
4.913965053637519453e+00
8.905185565350233645e+00
2.409055735157980216e+00
1.097777866985011386e+01
1.079938810486510858e+00
-9.058420225446179863e-01
1.086324943624934203e-01
1.993650602443449715e-01
6.107422483273440734e-03
-1.270343723819627124e+00
5.528493907719336797e-02
5.157878776212433403e-01
-7.305807688718675141e-01
-5.146753759617758162e-01
-3.842043828157145069e-01
2.028646101350469522e+00
-1.921866605628364200e+00
1.571890628744659901e+00
-6.179982262508286750e-01
-6.660435149981387415e-01
3.756352631761068483e-01
-1.175352138379262890e+00
1.410069297508549091e-01
-9.760725146637325711e-01
-1.362226347687046202e+00
3.833330614574370188e+00
1.045151429411916189e+00
5.354077829315858489e-02
7.162012140489502077e-01
1.104661215502887872e+00
2.764632642935301199e+00
3.994046634279974306e+00
-3.420977564707925911e+00
3.601083020222874409e-01
-1.832295999437836831e-01
-2.280340250163268856e-01
-3.272585076521651593e-02
-2.551148821239822007e-01
2.636310343839255221e+00
-2.125229898511950655e+00
-3.690703879724749892e-01
6.541688896187811686e-01
-2.140780015690310623e-01
-1.135732689110741545e+00
5.383472596879026462e+00
1.143115690779692439e+00
-3.022747538565854764e-01
-4.290320897816765622e-01
-2.748087590308311845e-01
-4.968343013820608056e-01
-1.631200196818303472e-01
-2.784547053079408641e-01
6.063043147046198733e-01
-1.526733814693173319e-01
1.554053661514928519e+00
-8.901983491163637519e-01
-8.972446691595309387e-02
-4.202477999443521295e-01
-1.708460756647936840e+00
3.904568771112489678e+00
2.247950603349066157e+00
-2.925996611145282311e-01
-6.780398454424456656e-01
1.003671233985826250e+00
6.446900390093263100e-01
2.296162604732786550e-01
4.305814207707586938e+00
-3.246427567871502662e-01
6.180048953896708497e-01
-9.021584360012681048e-01
6.962683618065050872e-01
-1.125039006667301056e-01
2.013616617416061683e+00
-6.023113868836603713e-01
-1.172354602738176821e+00
6.938131821693133361e+00
1.801265132244390887e+00
2.733683491929866927e-01
3.905746504011557985e-01
1.216812681128378870e-01
7.418276439346092488e+00
-6.121156431911227713e-01
-1.610883168666501053e+00
1.271224627719991895e+00
-3.409072223322810125e+00
-9.611701851117070428e-01
3.532407659057221760e-01
-1.238089113140174558e+00
-2.838430823126027125e+00
2.779568583815735794e-01
6.113346704432314205e-01
-1.655983309098432832e+00
-2.991846638915344858e+00
-1.656602618044790420e-01
-5.166934306398056620e-01
-4.049343473025919238e-01
1.623319817605772541e-01
2.955054313771038110e+00
1.844081798083191837e+00
2.870975528080226713e+00
1.934482830714286727e+00
-2.778053454193588623e-01
-5.624276989891409118e-01
-1.685999062156373851e+00
1.153545602845816864e+00
-1.705495526904264592e-01
-1.929289577914972575e+00
5.694536620070274335e-02
-1.927361434730409995e+00
2.239259796864254692e+00
-1.300952380014404719e+00
-1.401766822386496747e+00
-3.228931960107465748e+00
-6.923240252400830741e-01
3.081880988783083364e-01
-5.801557886140329412e-01
1.822128033891069754e-01
1.943560214805392650e-01
-8.279697215898864648e-01
-3.110476102347434768e+00
-2.294230528751368681e-01
-7.839916711894562296e-01
-2.008063580962021200e-01
-4.819547126443798901e-01
-6.292316700352985903e-02
-1.060999121336481332e+00
-8.222036479486993787e-01
-3.332638325903510279e-01
-8.612366993109435986e-01
-5.812944285675517575e-01
1.687856306154836006e-01
-4.108507554612171653e+00
-1.721103118992374448e+00
-1.595979121430647352e+00
1.187804608028806941e+00
-1.393460555916475441e+00
-1.149256979814727853e+00
-3.491197252160851972e-01
-4.155770088820228025e+00
3.171957078152359277e-01
-1.225234477715885895e+00
-5.407033084429289094e-01
-6.537210102282856594e-01
-1.810838755968526836e+00
-2.498578102184113359e+00
5.022039182698944115e-01
-1.049079131240210350e+00
4.954680559370171267e+00
5.892661567078407714e+00
3.847474485562729196e+00
1.273707972641581199e+00
-1.529490741416720256e-01
1.929145701393643053e+00
1.997077246637663839e+00
6.340276767139140013e+00
-5.820375109375637290e-01
3.509883113863726756e+00
3.279505324709002245e+00
-8.141425359850088528e-01
8.787117481925891482e+00
7.298420715954491378e+00
3.345426868242457275e+00
4.138425952667643237e+00
9.468581954099977160e-01
6.754673834726447612e-02
-7.576605445332591782e-02
-1.228232522704332474e+00
4.689359410485072210e+00
4.841783790126485520e+00
-1.230484679132169343e-02
5.202619264781702668e+00
-1.971164629321517259e+00
8.394947313113060305e-01
-2.042705266657191210e+00
-9.214488181809973311e-01
-3.909859304323666240e-01
3.013029344145853106e+00
1.486274802260578509e+00
3.276538931601114424e+00
-5.008159939656462445e-01
7.498825666321666805e-01
2.476249024962909051e-01
2.194584537489914666e+00
5.107788194492681594e-02
7.754962264138944017e-02
-7.138251485006652519e-01
-1.501789110344753098e-01
8.492362880616024512e+00
-6.685074177860707012e-01
-3.808538931853115428e-01
-1.028678778981963804e+00
2.730944933973291841e-02
-4.045248528648188180e-01
-5.795927243131653306e-01
-8.551660667402521954e-01
4.721538652413176940e-01
-4.417237237833090968e-01
-7.464881989968947806e-01
3.179427747678852612e+00
5.512238819934185408e+00
5.618194341613576975e-02
7.767189106087012129e-02
-4.362738455584647679e-01
6.468073055314349507e-01
-3.294372170584863174e-02
3.541013955238968336e+00
1.061552657376586106e+00
1.899230640478246912e-01
9.179342370427444331e-02
3.316077854385051982e+00
6.843576834662693509e-01
9.438923399010485937e+00
1.589619430810817136e+00
1.037345462879480484e+00
-1.365538036883041928e-01
8.824277265887870980e-01
4.605717130894027567e-01
4.216411972601878055e+00
-2.995126775564423971e-01
-8.923036824298341552e-01
8.438848471507596205e-01
2.751352983583833511e-01
1.396189414192661404e+00
2.233413517650152169e+00
8.878731204970087276e-01
3.010715283498437422e+00
1.176897396018914722e-02
2.267742108368323972e-03
3.253586710811180449e+00
2.612825392616865194e+00
2.878082929924520084e+00
1.191325703436436179e+00
-4.681703536156742174e-01
-1.090973191766516859e+00
-5.204103217936880688e-01
1.027661444338244939e-01
2.055863003298069813e+00
7.083494608857118235e-01
-1.274032136269676874e-01
3.706400588670754059e-01
-4.106485594977158926e-01
5.951759558341236378e-01
-8.514587243962885577e-01
-4.538114734417070806e-01
-3.507039762465617994e-01
-6.082210849693547861e-01
2.382699392374319380e+00
1.498248329189899364e+00
-2.315105234329030148e-01
-2.388500378969568849e-01
1.195161922943725141e+00
1.867512136148664403e+00
1.723396369381596349e+00
2.500284899904561708e+00
-7.346058962743051701e-01
2.056951345897828354e+00
-2.063110522507000111e-01
9.514667330942017109e-02
-4.820643393724003190e+00
-1.425399591822995138e+00
-5.375197965153454271e-01
-2.939073138718953926e-01
-9.731633285105155406e-02
3.409904353122731102e+00
2.084181201436996034e+00
4.317145679946732262e-03
3.123930521671691274e+00
1.217279779793514427e+00
1.104432703752851602e-01
-4.224205920579223394e-04
6.125622182009826666e-01
1.411105906376820124e-02
-4.332763749380920681e-01
1.169552547985009294e+00
-2.407517252738045899e-01
-4.301395564547242922e-01
1.125475842290957429e+00
5.242519282409353387e+00
2.106190093961337162e+00
5.955097113435485756e-01
1.806948329264238318e+00
3.702799064716005173e+00
-4.452234990277202376e-01
1.292218829006585246e+00
8.136545228867413826e+00
7.120671328079643203e+00
1.552779218138296713e+01
9.049945392965823565e-01
1.523068051970784653e+00
-1.000865616868357399e+00
3.262335000520098838e+00
2.084936397759997107e+01
3.780576625175413152e+00
2.956646690125842358e+00
1.264180132657560840e+01
-1.368656179831963859e+00
1.010718104063428413e+01
6.195028927093351179e+00
2.426410824925255394e+00
-4.382509079124045082e-01
-2.471971025988044968e+00
1.339336504487228963e+00
-1.457247981847339946e-01
7.756857063538752373e-01
5.495218901611056417e+00
-1.599471680282467334e+00
9.187455818554543185e+00
-1.472125838533378861e+00
1.127987274270566997e+00
-8.865369226573709127e-02
-8.349672942498030936e-01
-3.262576051249241882e-01
-1.820157418874203792e+00
-7.300487801561285073e-01
-7.043795914246936407e-01
-2.230493976663845412e+00
5.581936443375898893e-01
-9.787648323285950136e-01
5.227623001166302741e-01
-1.522417019356188672e-01
-8.311625347575010148e-01
-1.055192079205913291e+00
5.463804017768177701e+00
-8.817150323548332835e-01
-1.001375619447885251e-01
-1.780230115060308593e+00
8.872379629911615329e-01
-2.368439499705181084e-01
-1.065489027257677357e+00
1.830480704093247368e+00
1.720147270578381127e+00
-1.864596158246675517e-01
2.556157719507482495e-01
2.786486049671442977e+00
1.082324409982511604e+01
-7.540855130654678939e-01
1.019423627276442729e-01
6.435687021806349994e-01
1.314548906068759671e+01
-2.161813107024937342e+00
5.155470861818127304e+00
8.959477802382221912e-01
-5.733215963833303563e-01
-1.829259241852936313e-01
2.776854012160269836e+00
5.201422594125614474e+00
-4.510843300017963187e-01
2.816511057458301437e+00
7.722029173304832739e+00
-5.225736632673044779e-01
1.711366946289789026e-01
3.793526105368627110e+00
5.419622488183453157e-01
2.345946426345735247e+00
-2.982001654558981696e-01
-4.700428058965462341e-01
-8.902041219488678880e-01
9.838332221552553714e-01
3.335924309357613193e+00
2.750452283061747938e+00
2.407844740765139324e+00
2.116097713102433608e-01
4.040267130545135643e+00
3.033317509489789288e+00
1.596859838980082991e+00
-6.599392538731971292e-02
5.461198291578456265e-01
1.175042285464324987e-01
-1.029057421794042498e-01
1.269576555955048258e+00
-2.448229760168466884e-01
-5.992128686427249384e-01
-9.529408927361915360e-02
8.674387060359574519e+00
7.493865228887354180e-01
1.763803378673236000e-01
5.496462834435810185e-01
9.011302769405390434e-01
4.219988047009445853e-01
3.903012258376022725e+00
2.222125241046450483e+00
4.367908363243808711e-01
2.995288746097356292e+00
-1.979783858932333829e-01
2.654467955217405528e-01
1.371639833510093220e+00
-1.395875033745460625e-01
1.673324236172113455e-03
3.496582480560730954e-01
-1.096660990241986822e+00
8.043936066272446839e-01
2.110590087130151282e+00
3.597448914855648106e+00
-2.931751382160879826e-01
-4.794812146807542752e-01
-8.859531991931638428e-01
5.319718366280759003e-01
3.417545914132235629e-01
-4.286029105575533960e-01
9.930496642881084246e-02
-6.387054251295446461e-01
9.990860506556799692e+00
-6.688048880469760205e-01
-7.616000454462310554e-01
-4.559339291315878673e-01
8.574227191381961211e-01
2.153592212499282788e+00
4.533118595085379732e-01
3.355829423355187302e+00
8.351924779580092162e-01
-1.628624301261933638e-01
8.378520038423135918e-02
-5.235522374871022233e-01
1.434441560053635323e+00
2.342146420339463742e+00
-1.427349216329476755e+00
-2.041417146254353998e+00
3.050694162528094111e+00
7.380861005872464409e-01
2.954096347347318741e+00
-9.175364455018190091e-01
-4.040658807092168403e-01
5.098901864396597761e-01
1.386460767740595124e+00
-3.167804638251138893e+00
3.477347768900746594e+00
9.225146043437559840e+00
-8.002973762755529741e-01
2.237715486442307000e+00
9.937421072570292724e-01
1.260005139653126160e-01
3.977371994174911052e+00
1.094066831312895838e+00
-4.962581100852064275e-01
7.626669128710316770e+00
-3.674293157357217537e-02
3.598217025696065274e+00
1.936970298565770854e+00
4.201563916332928805e+00
1.558147588757789359e+00
5.756686601493411715e+00
1.328596193305782158e+00
-2.452588233454497946e-01
8.039889026867277355e-01
1.323499304686146738e+00
2.675132644231903889e+00
1.335028318975269990e+01
3.431818406330424231e+00
3.597297351006784272e+00
7.324142261264390275e-01
2.413782907297177704e+00
2.051151568841766082e+00
4.844166007026950105e+00
9.707726669790291751e+00
-2.863691760299580391e-01
7.389211697630296838e-01
8.116543989187739783e+00
2.881458989316735053e+00
1.323842927062173480e+01
1.457591433490534438e+00
9.672517900629759580e-02
1.819181235823933429e+00
9.450762962591299221e-01
1.128242013470015792e-01
1.381364766709878289e+00
1.839746366466042282e+00
-7.326079368049818186e-01
2.395392739516484237e+00
5.132626057232874572e+00
-2.911092343426043838e-01
9.159925000977928722e-01
-2.257655548973140289e-02
1.536734984880692600e+00
9.743076513588379006e-01
1.380625718452827833e-01
2.807864876992932412e+00
5.349765297117252683e-01
1.958651169708087503e+00
5.036678251335450440e+00
4.077212517068647402e-01
1.541162210903235774e+01
3.741877767668247756e+00
-1.044202925017367334e-01
9.502175892160542592e-01
-1.364703234993384917e-01
6.583119991331847221e-01
1.542638683491041718e+00
-1.471040046262756196e+00
8.241283505544362287e-01
-5.862609442815455152e-01
-3.250912372919127491e-01
1.306845299207304745e+00
-1.286150042357855081e-03
2.187739562912862645e+00
-1.397500056375635680e-01
-4.267158477534614414e-01
2.760161827864621831e+00
5.010518227498753641e-01
7.246051590803840314e-01
-2.578221204764251873e+00
3.324169449183322911e-01
-3.163641679784205407e-01
-3.888038376600760904e-01
-7.725698414613936527e-02
1.609176114303618510e+00
8.083492164287696014e+00
2.373532144914094921e+00
-1.331908863258257913e-01
3.913354431035352965e-01
-6.279155662482980294e-01
2.975508519411914077e-01
4.362301666905922248e-01
-2.192223341955877647e+00
2.741578874072474470e+00
2.542823226545445348e+00
5.142953263186138546e-01
1.408640379954614330e+00
8.145468512131123218e-01
-3.502136927934907940e-01
2.254916997809151891e+00
6.125454125638712277e+00
2.635737796620738482e+00
3.081618536404603148e+00
7.850908782885872295e-02
1.635297113841424732e+01
6.920984128452167816e-01
-1.426043968249784744e+00
-1.589941023513553153e+00
2.990940107356158784e+00
8.428634766768042796e-01
7.624059312303398395e-01
1.019957670924363236e-01
1.169950343261453862e-01
4.021732870401982574e+00
1.504718958058245404e+00
2.104126548406095587e+00
3.312573996673706667e+00
-4.094602415576679699e-01
1.537433832067725215e+00
6.611963483794279506e-02
-2.248451525068524692e-01
-6.928277405407479161e-01
1.436035405285660760e+00
9.328413851308477334e+00
3.450785872511493713e-01
-3.338279304313699347e-01
3.515166597362051060e-01
6.813036367806876825e+00
8.286655233023028089e+00
1.091102429123421036e+00
5.594115769372292046e-01
2.975260343056858048e+00
-5.061861182877392951e-01
-9.156732254176825903e-01
1.413953858033169420e+00
4.709141099647513040e-01
2.682094170401765898e-01
2.515837966358704048e+00
-2.260871985502840520e+00
3.571033000482844999e-01
-2.354022832621637473e+00
8.551438869556007294e-01
-1.402477921197505584e+00
-1.432471182460690162e+00
8.846957131118507789e+00
2.303024411203632660e+00
-8.822238256511271137e-01
-8.689819506745008471e-02
9.662273407937365111e-01
6.585047753630185463e-01
3.603318696229810825e-01
1.194659812188345160e+00
-1.252819248833355825e+00
3.442667811903159514e+00
5.815804850462130693e-01
-9.073401761628324680e-01
1.023408973456571697e-01
-9.236476522968343206e-01
-1.163089068619279187e+00
-2.150822767802433422e+00
8.153783517801155512e+00
5.698894753053667550e+00
-2.148331764017472167e+00
-8.532085545813380967e-02
1.761889030352903340e+00
1.478186990430938319e-01
1.774914049301218322e+00
-4.819377567298606113e-01
2.126784779800608316e+00
7.109744960439056127e-01
1.043984637358422313e-01
-3.001809035091945188e-01
7.104774505130229123e-01
7.163555722828776062e-01
-6.765006293617542577e-02
1.056447023358964010e+00
9.204281575881153588e-01
1.438648350671864473e-01
1.497588836810213131e+01
-8.634882554438043645e-01
-1.912566232141983957e-01
-1.499766308907430679e+00
-2.988541895846014818e+00
-8.903279540985845064e-02
-6.245910706861537154e-01
-7.047516850168183966e-01
-1.126934136388527019e+00
4.701347149036478434e+00
2.890087451319356848e+00
-7.044282953789183788e-01
5.154667731488523863e+00
-6.164290707704535022e-01
-8.075934937063164454e-02
-1.107125478988509659e+00
-1.986795094947942042e+00
-1.014650117784206884e+00
-2.766062680541619967e-01
3.263725390101261947e-01
-2.232961119896194280e+00
-8.155178216150262838e-01
3.016541700813426985e+00
6.903819630144681918e-01
-5.883380340565671496e-01
-7.723763323289393190e-01
-8.383914227106624428e-02
4.403576896166087606e-01
-5.363657568851942087e-02
-1.027983424527122658e+00
-2.605966944185011402e-01
1.279319454529587397e+00
-1.011582079305514359e+00
3.683179908043562878e-01
2.330934731999843024e-01
-9.200985528692344761e-01
-1.996627105637629740e-01
-2.964397992700647522e-01
-5.399125907022316317e-01
4.081835320120572597e+00
4.409985097519734665e-01
6.218252370151712505e+00
-5.065004139824045293e-01
-9.275436764342337437e-01
1.742452286184755339e+00
5.734145281167167818e-01
8.410640069221133608e-01
5.546086593154802458e+00
1.910288605641043747e+00
-5.604165137645211736e+00
6.626123358054620827e-01
-1.033791724213593000e+00
-9.302249914897856575e-01
3.271019276737725523e-01
5.625820666408925419e+00
3.659887344036000800e-01
1.701483713482108362e+00
5.950865969293308133e+00
7.849695248700443162e-02
-2.892107904961739528e+00
-1.356696103238437034e+00
-1.970404875224079089e-01
7.877564827243229706e-01
-3.883772490301468649e-01
-5.046001696697081096e-01
-9.657500705707295907e-01
-1.419694342471517823e+00
-9.656970545473273493e-01
1.447976416360488905e+00
-4.186726023211381764e-01
-4.770639084334076241e-01
5.602345470162887683e-03
-5.596129992222856897e-01
-1.617439930841909138e-02
-1.358669930836198025e+00
-1.301288700581958002e+00
-9.160617942401128033e-01
2.325867206398589404e-01
-2.466764000747335983e-01
1.456754038406574137e-01
-1.333190872079971889e+00
-6.515477440360096795e-01
9.240724148527222279e-03
1.155573976371112366e+00
-2.942631570356165405e+00
9.348713729878143086e-01
-6.795960774787382919e-01
4.871408873948395168e+00
5.020830536497173036e+00
3.430897601374617079e+00
3.004864904859443353e-01
-1.116360023245631883e+00
9.742411424327570776e-03
-6.596587395409361787e-02
8.581447925481677785e-02
5.581326753598349732e+00
1.144706011039726246e+00
-1.640882632946584874e+00
7.462409637520118003e-03
1.844022116071141748e-01
-6.067534736689811359e-01
-3.279979206304393935e-02
3.485092242447504485e-01
-1.650777026644119905e-01
1.755802774332070104e+00
3.057961442558585929e+00
2.602108100161386051e-01
4.200517802329151174e+00
2.054740675202303635e+00
5.943682433657460074e+00
8.883741093157416557e+00
9.466827693613502959e+00
9.319450236350014904e+00
2.373546051258552225e+00
-7.546209179163356762e-01
-2.038707874469856129e+00
2.015081610538189683e+00
-1.237681698522280049e+00
1.025385188098641320e+00
-3.007083467208509497e-01
-9.470619432261712101e-01
-1.616806710888597787e-01
-8.186043095955164439e-01
-3.563607044893285503e-01
-2.333368642995057585e-01
3.990681004909945595e-01
1.265487221609820911e-01
2.663165651737188444e+00
-4.286871880772920584e-01
4.804493890303191544e-02
-8.055606536344389612e-01
1.142910012688041377e+00
-2.918408441302605461e+00
2.091528457986054690e+00
2.299899821737264038e-01
1.133304007146305414e+00
-5.082317827157333268e-01
-5.945987166524605572e-01
2.028414951991173165e+00
-1.201547450341889034e+00
-1.964719500680873754e+00
1.623342906771949368e+00
3.455413389178412786e-01
1.587914331433381010e+00
-3.631140050744284808e-01
3.679693627408171797e-02
-3.784879208566104269e-01
2.664922673941124143e-01
-9.896245576824294066e-01
-3.410079283743777667e-01
3.470059670113148642e-01
1.114019364716894778e+00
2.909069570785173808e-01
-1.180133489653866913e-01
1.332030653723742297e+00
7.584637575434163836e-02
-7.112278745994878859e-01
-8.336236006560954204e-01
-1.081849576538514102e+00
1.690560782451652200e-01
1.884190963107818417e+00
-9.207759946851581390e-01
-8.120028206834331019e-01
-3.335299752691315289e-01
-3.255568678847043929e-01
-4.349111942747635462e-01
6.171080169992183562e-01
-3.452171628674262638e-01
2.252067688105559989e-02
-7.515324864384946846e-01
2.185908497460784083e+00
-4.029768645451429210e-01
4.779857182194773846e-01
-8.051192376942115647e-01
-6.619526436599438846e-01
-1.376590864029999084e+00
-1.492034973272538811e-01
4.229423895081408369e-01
-1.029787146843067713e+00
4.810151938003922045e-01
-7.441176645049074612e-01
-4.802315575497795863e-01
1.187242237286660007e+00
-5.549898066661778095e-01
2.651591199465876070e+00
1.700858844464608000e+00
2.914809806795157776e+00
2.398910063341701260e-01
-7.733215272255109518e-01
-2.773900679781258205e+00
-1.836269586603298309e+00
-3.118453081667222460e+00
7.732972324976457035e-01
1.055750002764754836e+00
1.886563098659326476e+00
1.594312541531952565e+00
4.253741321420163590e-01
2.271798397521376800e-01
3.359507962669964209e-01
-6.993546965021056883e-01
2.474148404145290137e+00
-8.918772214141438281e-01
-5.202533790664590763e-01
-8.091836307672316542e-01
5.199214168592667523e-02
-2.515254698793272237e-01
-4.028815998606065651e-01
-3.317778994642570090e-01
-3.745860273188136857e-01
3.301980533654187977e-01
-1.518246832032931426e+00
-1.709946629734242274e+00
3.588816311598014064e+00
6.583805370015328506e+00
1.654448736441720136e-01
4.608195878716037974e+00
-5.545838100192282960e-01
4.075143484038919794e+00
5.315918991339148025e-01
6.211411014825115595e-01
4.092968662700610105e-01
-1.154658511556261091e+00
-3.330027345466799460e-01
5.007982749869865913e+00
1.011832249819284657e+00
5.347915064669752638e+00
-1.808852982686155020e+00
2.213679521310930554e+01
7.726068738705520467e-01
8.973764414446482318e-01
4.390766746000744014e+00
1.137293906123903880e-01
4.707388349837742791e-01
8.474299653095388463e-01
-2.914343657827482281e-01
-1.230071337017680094e-01
5.042485777827520055e-01
-6.749253478219205959e-01
1.372128173294309583e+01
-1.471567625031822979e-01
1.126865496648786991e+00
-1.071053920108280710e+00
-5.176428894134409431e-01
1.256967588555347515e+00
3.609383950534483243e-01
-2.512951985924209097e+00
-9.108748813012013112e-01
-1.249594760181166470e-01
-6.863329082654715529e-01
-5.358105470097418443e-02
-2.459444649533539251e-01
-1.168585227297838758e+00
-1.362799260227909093e+00
5.100201651247027179e+00
2.055103848536519617e+00
-6.290931631516867295e-01
7.348028028779477472e-01
8.489045870180949027e-01
-5.193511481409474051e-01
4.847688737423352934e-01
-1.319687681929944567e+00
1.463180316084710997e+00
6.354764903914468521e-02
-5.888004813437253127e-01
-7.178601687329838610e-01
1.542376246022230557e+00
4.912775293833428480e-01
7.588173934604021120e+00
6.131619031179779133e-01
-4.219458896782480872e-01
-1.056056612502259684e+00
-1.889426626732499115e-01
-3.442382317870452679e-01
9.195197561071771775e-01
-3.461280676537876744e-01
3.420516809983704221e+00
-1.194916911266726389e+00
4.205385372445474279e-01
2.098356714557936264e+00
2.290457237532877721e-01
4.095922225332827016e-01
1.378901959196905391e+00
1.624036056087949653e+00
1.384210258254439774e+00
1.037905478618024402e+00
1.317333715440975883e+00
-2.712409296972099759e-01
1.734898399392919233e+00
-4.873772220824421075e-01
-7.909356218202190369e-01
-7.210136993061606880e-02
3.264500511524421333e-01
5.866347281879309705e-02
-3.148947430516182422e-01
-7.531889244733832589e-01
-4.632956214175065313e+00
-1.939093808425439214e+00
-1.129581005128735161e+00
-5.214360640147135406e-01
-1.420519363576831173e+00
-4.722038150721227012e+00
1.291179085748429989e+00
-2.080415668677690011e+00
-2.181512825579834947e-01
-9.890566815443836424e-01
1.550444942649199298e+00
-1.738616129361979928e-02
2.347659906055457490e+00
4.046715952123830506e-01
-5.456098156947299938e-01
-3.311640949344941021e+00
8.466533908976023426e+00
-7.111312403029935503e+00
-3.108368353925880179e+00
-5.192463899885992884e-01
-3.154719319885690987e-01
3.800419093430436601e-01
-1.513185452129222064e+00
-2.017267953310591277e+00
3.817770095259357954e-01
1.389840099947886598e+00
1.945530116272108367e+00
3.822176941448873322e+00
1.958207995409547708e+00
3.413980238521549526e-01
-2.871157756821553497e-01
-6.891823834747565214e-02
7.347000509307667626e-02
3.507356723484953975e-01
9.287742724576111830e-02
2.145795695251574708e-01
8.296464782879799937e-01
-9.758045857214715513e-01
-1.132387919497132689e+00
9.380045140747826915e-01
1.009211227691843460e+00
-1.473863938209633684e+00
-2.323383581691549626e-01
-2.756741743327568162e-01
-2.306257576019750746e-02
-6.255237673661083742e-01
-3.079817019860705773e+00
-1.347529362568875344e+00
-6.271374547580670367e-01
1.950455799567517023e-01
-1.438711460343729875e+00
3.939955111430668566e-01
-3.150263724790279274e-01
1.886531216684545376e+00
-1.018401052039296761e+00
2.790135988796774935e+00
-1.541941914736794095e+00
-7.026418236104132742e-01
9.527290281732287980e+00
-8.797922633447295693e-02
3.352525074009655714e-01
8.006967435203130590e-01
-1.242661037212988040e+00
1.004208001573465348e+00
1.550421797179488970e-01
6.416689674358226902e-01
-1.594464094789100450e+00
-3.551174170604411540e+00
-3.888863852437083768e+00
-4.745098830947142687e+00
-4.209197136669199146e+00
8.768107310134761745e-01
-6.154702508378639969e-01
-4.710867178329459781e-01
-5.755518425507006874e-01
-1.003849456368410609e+00
-1.212569580030243177e+00
-2.034533119063399287e+00
-4.325973601492668630e-01
5.110614181486897722e-01
-2.626275001381651042e-01
1.254049469527690475e+00
-1.226072226683720290e+00
-1.114275428416680258e+00
-5.914601602690113813e-01
-1.585394507257289254e+00
-3.985851637549888138e-01
2.476699590581947497e-01
-2.488160515350564150e+00
1.430818044796767878e-02
-1.556877553604733011e+00
-8.598677259193695521e-01
-8.271874229517759414e-01
2.062692163817346491e-01
7.686135952224769363e-02
-2.211561217572235005e+00
-7.770081114868532257e-01
-2.451600889279650364e+00
2.361224276439076064e+00
-3.169419658342801593e+00
-1.358414345584347371e+00
-3.200420902400840095e-01
-1.906875045843338043e-02
-6.419611168350894403e-02
-1.205958336167855860e+00
-2.426807275847406853e+00
-1.390752265832954970e+00
2.616339898742111370e+00
1.381008245877552332e+00
-1.641294619364531693e+00
1.296099387630835542e+00
-1.645766756526798602e-01
-5.269472640665277818e-02
-5.229351193778394302e-01
-6.800531893260046423e-02
-1.463517865305141719e+00
-4.339382750779691378e+00
-1.334132826004730488e+00
-8.870134392616951802e-01
7.999661300039810907e-01
1.334726492067896286e+00
-7.335972156728725047e-01
1.316285353608223074e+00
1.959429197350093466e+00
4.423488447213088093e-01
1.710283484566695211e+00
-5.670727742376768798e-01
-6.253397249470104002e-01
-5.202075206028931031e-01
-4.966869532587829261e-01
5.523630806068901000e-01
-2.064537368353223545e+00
1.246461086993900569e+00
-3.647079501541242719e-01
1.160976390722367357e+00
-4.344337260168188664e+00
-2.567628722873976255e+00
6.413994844392658656e-01
5.967323631447924992e-01
1.514967486254065188e+00
-2.376809061910535037e-01
3.271359565923157575e-01
1.072474123854721517e+00
-6.393214543720903142e-01
-8.170069990177732944e-01
1.342177874605802401e+00
-4.856066356286957153e-01
-7.486529459904638362e-01
-1.233290543335793465e+00
-9.181066228114277417e-01
3.485729278353558724e-01
-5.058548698229613505e-01
7.268147970332896612e-01
-4.400267268671980148e-01
-3.973835788816130199e-01
-1.433078849881309402e+00
-8.225471988174660742e-01
1.997022087963435721e+00
-1.287091864823943110e+00
-1.498073893200926598e-01
-8.018523830860022628e-01
-8.320039187751018805e-02
-3.396699952505773945e-01
8.399276952755212022e+00
1.778217353798905886e+00
-5.945069831555237910e-02
1.780375488617605417e-01
6.279732797567016078e+00
6.734896047478807546e+00
1.220143390232799829e+00
8.153275869664025066e+00
2.526204252822931373e+00
7.334547678645688684e-01
-3.420223975967370822e-01
6.090392606207493120e-01
7.799354131648747135e+00
-2.631187143582610632e-01
6.786788142650970634e+00
1.232534394548679746e+00
1.146166058266658894e+01
3.539943525511631606e+00
3.363161320918311992e-01
-3.248399068063663742e-01
7.852941265595991815e-01
5.559571507825293857e+00
3.321129810709544827e+00
-1.330088309651573653e-01
-8.397440031097345159e-01
8.984357626420915732e-01
-5.634113396666204920e+00
5.256758833564409983e-01
6.362165484650024183e-01
1.290922180561720756e-01
1.750406992669685691e+00
-1.488435903094000423e+00
6.201441660308347537e+00
3.618039100742687530e+00
-8.536530585733980159e-01
4.963230824634202176e-01
-8.966192282481880715e-01
-6.111264621925265317e-01
3.787696433758534764e-02
-4.257351568563608524e+00
-9.164234555399949356e-01
1.054324224339710447e+01
3.225183667940168669e-02
-8.022414654174190307e-01
4.513807718604502917e+00
5.440875639263430763e+00
2.702917228073120626e+00
-3.244515070955804048e-01
3.233310795554338757e+00
2.922442161817842887e+00
-3.887938100614656833e-01
-6.497109359314315324e-02
6.282885767503142205e+00
-1.475820558880130751e+00
1.210130999284504405e+01
5.263114046229338427e+00
-1.710903118188888516e+00
-2.595317101957557715e-01
1.489080409303049191e+00
-1.045947491756513692e+00
3.085123655527801656e+00
6.746700023011322322e+00
-4.977654879425245232e-02
7.470463913269556500e+00
9.009512068104529092e+00
1.056029287894743440e+01
1.225339668005885763e+01
-5.890861647163704307e-01
1.026420675980779329e+01
9.187029030927945650e-01
9.881382487125096592e-01
4.041574123791634499e+00
6.641084215072138974e+00
9.650826923166042626e-01
2.013614207702884240e+00
-2.457745472297688250e-01
2.190596622802607474e+00
1.696762813596488506e+00
4.552848793662491178e-01
-1.973704444235587496e-01
-1.966311646625366505e+00
3.723683412016157157e-01
3.512464245478105873e+00
7.223837882805975497e+00
-2.104516630565120838e+00
-8.885959137058070390e-01
1.368903024390211831e+00
-4.426638602953593127e-01
1.549089419271234003e-01
1.697091064560960927e+00
1.520083860342918314e+00
-4.282273848404748867e-02
-9.203184417092043212e-02
9.111561010077886991e+00
2.132157298608806872e+00
-7.674802682487552596e-01
3.092767491747150377e-01
-7.382088168166259790e-01
-2.107809456864291608e-01
4.425508406177660614e-01
2.853556422960120464e+00
-5.789708336018508650e-01
-2.954220514583069113e-01
-4.604037289165746394e+00
9.282551935399705911e+00
1.359178670625227348e+00
-1.013185650484462075e+00
-2.994717296204741502e-02
4.616105567515760288e-01
-5.967552714862385255e-01
6.774997610510670454e-02
-3.086185889005484406e-01
2.043729880298968737e+00
-2.370264156753352780e-01
-5.229674232324039718e-01
1.100305589433043796e+00
-2.698501578879298757e-01
4.708799869421597117e-01
-1.855320056930206407e-01
-8.299086643843547328e-01
6.775465479933472368e-01
5.004471148044477014e-01
4.859869207880517655e-02
-2.840202129630325256e+00
3.514087814980687563e-01
-6.037051330811367134e-01
-7.417781347433061168e-01
3.570398109948816900e-01
-1.505779008439052380e-01
3.313009958790204545e-01
-7.216646842695536579e-01
2.215406959489144789e+00
1.124605677297178641e+00
5.034818685123370052e-01
1.685633794724526180e-01
-2.113452800350334559e+00
-3.437135189164738924e-02
1.599698914998971544e-01
-6.253278497805367930e-01
8.340138953537356015e-01
1.996381090747037790e-01
-1.717506263239854114e+00
2.735922272334713745e-01
-6.108444729827716024e+00
2.864419429883569013e+00
-2.419762247908663788e+00
-5.313624164429279206e-01
-3.474859665808163744e-01
-1.270171176898805543e+00
2.199217392792491427e-02
-6.587103272600117743e-01
3.697089709373175409e-02
-1.525591030299389805e+00
4.269114386323543536e-03
2.012092059541536748e-01
7.950186888853072453e-01
-1.937565440918745274e+00
-3.090513222824590844e+00
1.517976961915043221e-01
-1.921570186990707363e+00
7.084538676755404163e-01
-3.882666697354314689e+00
4.933461789558245547e-01
1.719878692049721547e+00
6.527057282924701720e-02
-3.225539985654679032e-01
-9.829810069735773759e-01
3.285264224460622828e-01
-8.509501684256667864e-02
1.087042876172424677e+00
-1.717436510222601243e+00
-1.440526539200787937e-01
1.785876467323499250e+00
1.015475881071731951e-01
1.717679942490361267e+00
5.975930409330267867e-01
2.429900092215422358e+00
3.678110137800619794e-01
2.714937093211554076e-01
-1.676263315550665878e+00
1.121063649988504274e+00
-6.756612328357712860e-01
2.182269053181398633e+00
2.013619367108229863e+00
3.299090155288958215e+00
4.232553385742883201e+00
-1.046881353806603243e-01
-2.604580288095179608e-01
6.542763283347852177e-01
-9.570570552987385238e-01
-1.280056670513685990e+00
1.278408706189219979e+00
-6.799560811914263647e-01
2.235939786623813152e-01
-7.872916571030011967e-01
2.505543289044857014e-01
1.233073884317690716e+00
2.993549165058197126e+00
1.248214668401082861e+00
3.653992425009939815e+00
-8.971215894356010523e-01
-5.517555450054199145e-02
-1.751821074750186558e+00
6.791482165048020603e-01
7.771906761599957081e-01
-5.068340301612725973e-01
1.306094862671749457e+00
1.586524685524941802e-01
6.268132296989080698e-01
-1.992260618722167864e+00
4.874535460094207018e+00
4.742540617680124804e+00
1.286545870979938222e-01
-9.007532434030817159e-01
1.241839985850961225e+00
-4.403711518718619877e-01
-6.161867671223358184e-02
1.432430807057519413e-02
5.199428857723561670e+00
-1.903391974352411364e-01
1.740144251909806261e+00
-6.200047036667210021e-01
-1.715088621323003881e+00
2.551030241296014522e-01
1.986904477460216256e-01
3.251106919299965092e+00
6.932417178204767216e-01
-1.112217386578475908e+00
5.974349391425888278e-01
-2.652372257512000786e+00
-2.095516774472366006e-01
-6.640662024129737051e-02
1.483876661788755769e+00
4.357375454193818665e-01
8.044554449427827603e-01
1.878924689034962681e+00
-1.610003114799416213e-01
-5.677170930250601266e-01
1.106062432246126992e+00
6.856324123183743069e+00
5.055742116895115323e+00
1.904512166121188121e+00
-6.541478359167061107e-01
5.241732668536707163e-01
-3.263542940237122547e+00
2.652831030990721595e-01
-5.665469411409081169e-02
-7.386002729729181093e-02
2.896817939378144580e+00
2.854149448765773922e+00
4.215081205330063696e+00
7.864486375243537886e-01
-5.249036165736536974e-01
-3.123334531231564681e-01
1.639444592782743626e-01
-3.146211390121663176e-01
-8.996023307387848167e-01
-2.500851065234560577e-01
-6.329788292815700101e-01
-1.987293133559563940e-01
-3.503129101798915901e+00
6.381182476989136099e+00
2.076040845008737534e-01
-2.366128756738604400e-01
-2.597319561643364749e-01
4.319287158517311903e-02
-4.276300031079450226e-01
3.383908812920914944e+00
-1.485690216415543885e+00
2.299687632867505993e+00
-1.517396246056338105e-01
5.328379153355160547e-01
7.179190748858450544e-01
9.920234066191102595e-01
-3.478567765975031922e-01
1.034184491508604031e+00
-8.538846537479577448e-02
-3.168986082906589008e+00
-6.594571678940437387e-01
1.039228288332352035e+00
-8.844874039949562894e-01
-6.669203293354779571e-01
-4.656282177339771122e-01
-5.356429924725517600e-01
4.471614054764735946e-01
3.012611548843209808e-01
9.330555153449120523e-03
6.268040504433372462e+00
-1.533320715744927343e+00
2.448016451888569645e+00
-4.143469532015670032e-01
-5.037916845493114471e-01
-1.715118292722245918e+00
7.128123313958881768e-01
1.055634205486511545e+00
7.086879566624487703e-01
1.607963600372787072e+00
-1.839168558399188580e+00
-4.132323730577910581e+00
-1.074040256324865217e+00
-7.039462753997226263e-02
-9.248163279019219196e-01
2.491090926358645874e-01
-7.199913005783975528e-01
-1.072735540372628416e+00
-3.585855312847391341e-01
-5.644634487258043398e-01
-7.155829806989821851e-01
-9.622685695348622836e-01
4.747942013121972393e-01
-1.045539395567764568e-01
-4.611206047543377484e-01
-4.242432850264117872e-01
-4.271767079538408285e-01
7.288488254320705205e-03
3.774507253621370295e-01
-1.346166273747756714e-01
-9.035761402357925576e+00
1.089957849023373448e+00
-2.424313234262568617e+00
-1.054069585553305544e+00
8.036924479372001828e-01
1.625518436320125826e+00
-6.286321330759324366e-02
-1.784819686624126822e+00
-1.244227653290409519e+00
-9.388979160704872262e-01
-1.010700339154693816e+00
1.025300341536951265e+00
3.003711154468991507e-01
-1.337641309391393696e+00
2.451908589242395575e-01
1.283333181325571892e-01
-4.468555516086029078e-01
-1.675987416198516378e-01
3.292228931223603050e-01
3.661649591745016474e-01
1.079026634566828902e+00
-3.995836127850001529e-01
1.077799572910825399e+00
7.345781170686758177e-01
2.473684335148719438e+00
-2.435699180808282294e-01
-7.278257149558110539e-01
3.890122730996308231e-01
1.904427439517174525e+00
7.396054351615486411e-01
1.511695116347766543e-01
-1.447350987562310842e-01
7.231834320933493432e-01
-3.802199138115033294e-01
-1.317881415887553198e-01
6.802012979723300878e-01
4.734234200064810771e+00
9.184154081508054679e-01
7.481490441475592279e-01
-7.671341391846548952e-01
2.478082035423389076e-02
-8.601175363568148990e-02
1.430822550021553896e+00
1.894668718207261626e-01
7.231227623818824446e-01
1.545110057118606717e+00
-6.780236428662678172e-01
1.899914130955097091e+00
5.060681865073902941e+00
2.184963144382739419e-01
3.185285427192908969e+00
7.189063341363031157e-01
7.479038593209709485e-02
3.359635790691296170e-02
2.606002281177903224e-01
-9.132670109335517816e-01
-1.655447994700930403e-01
7.884901055295089556e+00
2.709293264790249900e+00
4.071378734351209339e+00
2.898657488765862489e+00
6.914181657669840053e-01
4.507466501909546785e+00
1.687119417527550791e+00
2.553834667443621420e+00
1.584010223936633155e+00
1.960624269028156119e-01
7.408183409984785417e-01
-8.163375640972269087e-01
1.012326443959895350e+00
1.776824454303388867e+00
9.968332495392611126e-01
2.541315187396262498e+00
-1.968964568703993612e+00
-8.624441658637979069e-01
-1.925710673693866948e+00
-9.442341789110236805e-01
5.678124715617214768e+00
-2.604366516352262018e+00
3.449720553461773642e-01
5.300894300090428501e+00
-1.823389969946511702e+00
9.600854695433029828e-01
1.593000390265217614e-01
-5.634552986588645673e-01
1.535315066645095428e-01
-1.761216086887155363e+00
5.793525536144496613e+00
-8.462628726621381769e-01
9.639609642176448778e-01
-3.221666069871106375e-01
7.280947970863059782e-01
1.263331911968691879e+00
-3.846444657770289322e-01
9.659535469964033894e+00
3.856336364396217853e+00
7.950277885244017018e-01
-1.193371292516281074e-01
-3.278965039813049043e-02
1.179601810246080351e+00
-5.131251036487618489e-01
-3.984337202568572156e+00
-3.852224764043991279e+00
-1.381939688721590453e+00
9.747115905530969737e-01
1.308263416324273454e+00
4.068694512549532183e-01
1.327932419694267896e+00
3.213379959261431634e-02
8.057925527141263089e+00
2.841542792569166642e-01
-1.126722264668984286e+00
-1.906389923196064595e+00
-7.628125838621715449e-01
8.659677957827863759e-01
-1.844337255395004371e+00
1.038716381221466700e-01
2.155748214045567046e+00
8.147706293176344428e-01
1.865709033117118443e+00
6.971313967620351715e-01
-3.844189850788923279e-01
1.051815626770650658e+00
4.767575705709056200e-01
-2.353660440403046172e-01
-1.047262514221321883e+00
2.396246049851972204e-01
-2.072699984466645495e-01
1.430366179526651127e+00
4.313441486636341970e+00
-1.518076455603424968e+00
-4.265244157530359015e-01
-2.278889918528445580e-01
1.463738947177246619e+00
-4.895804020016126246e-01
1.687992135603104460e+00
3.481613373863063909e-01
-8.188055165024565873e-01
1.687633437246415513e-01
1.820059970241373337e-01
-1.274059806727175781e+00
-2.730322628653383821e-01
-9.781931766037919029e-01
-2.948767207970521276e-01
8.450302732845862419e-01
2.923332286884201547e-01
8.461540333515030210e-02
-1.324180337179439615e+00
3.953011996544203210e+00
-2.925531821415268130e+00
1.880995423304956393e+00
-5.061486985288946583e-01
2.148667156613873530e+00
-1.175985632282636528e+00
1.047374329770994622e-01
1.303438462136615072e+00
1.445689158870911983e-01
-4.115908803304954566e-01
-2.521481426261333425e+00
2.271401847762979820e+00
-4.480350141952482157e-01
-4.362271053744973259e-01
-7.754215969218289928e-01
8.739594137207150337e-02
-1.192901662388288431e+00
8.202026565666907798e-01
-1.463950654993942502e+00
8.035502195500787703e-01
-1.918496030818793718e+00
2.095393009688099883e-01
-7.387179055510960657e-01
-1.299407108182827342e+00
1.372019888478338334e+00
-4.315887721111862696e+00
-5.571011397018960087e-01
-4.361111911885405257e-01
-2.929175449625905925e-01
-5.435277697222421489e-01
1.301806151542554080e+00
-2.371307849231416576e+00
-2.951863237367035264e+00
2.168816279529762470e-01
3.470198578673423517e-01
8.925956643799197732e-01
-6.227663391599821407e-01
-1.516337866857076166e+00
4.212454558051826226e+00
1.605891696975572547e+00
-9.271214360566205626e-01
1.126782664254176947e+00
1.254618963002964271e+00
2.373412540795411196e+00
-3.697821055447023109e-01
-3.081510408986891658e+00
-1.288650809663736130e+00
5.442128435673553311e-01
2.181887600117056625e+00
1.285793842475230653e+00
-4.220739520797493483e-01
-1.028091847115352842e+00
-3.476213867458147200e-01
-5.377506984548807711e-01
2.241060955167978985e+00
4.094092542818902558e+00
-2.959457647683974568e-01
1.893899472147843488e+00
-4.411441336459904772e-01
4.956437524111113185e-02
-1.900901297824048042e-01
-4.374358414718276244e-01
-1.283096688504500538e+00
-5.040550523604730992e-01
-5.193170504555821854e-01
-2.671058005464766599e-02
